Symbol,Name,Market_Cap,Market_Cap_Formatted,Category,Source
NN,NextNav Inc.,1995470592,"$1,995,470,592",Small Cap,Yahoo Finance
UNIT,Uniti Group Inc.,1994152320,"$1,994,152,320",Small Cap,Yahoo Finance
PWP,Perella Weinberg Partners,1993246976,"$1,993,246,976",Small Cap,Yahoo Finance
CENTA,Central Garden & Pet Company,1988274560,"$1,988,274,560",Small Cap,Yahoo Finance
CMPR,Cimpress PLC,1987065472,"$1,987,065,472",Small Cap,Yahoo Finance
NVTS,Navitas Semiconductor Corporati,1986877056,"$1,986,877,056",Small Cap,Yahoo Finance
EXTR,"Extreme Networks, Inc.",1985846400,"$1,985,846,400",Small Cap,Yahoo Finance
APPN,Appian Corporation,1985537152,"$1,985,537,152",Small Cap,Yahoo Finance
SKWD,Skyward Specialty Insurance Gro,1979551360,"$1,979,551,360",Small Cap,Yahoo Finance
UFPT,"UFP Technologies, Inc.",1973383040,"$1,973,383,040",Small Cap,Yahoo Finance
CLMT,"Calumet, Inc",1971925632,"$1,971,925,632",Small Cap,Yahoo Finance
RNW,ReNew Energy Global plc,1970309120,"$1,970,309,120",Small Cap,Yahoo Finance
LMAT,"LeMaitre Vascular, Inc.",1959842944,"$1,959,842,944",Small Cap,Yahoo Finance
MBIN,Merchants Bancorp,1956884864,"$1,956,884,864",Small Cap,Yahoo Finance
OCUL,"Ocular Therapeutix, Inc.",1949384320,"$1,949,384,320",Small Cap,Yahoo Finance
SION,"Sionna Therapeutics, Inc.",1948046720,"$1,948,046,720",Small Cap,Yahoo Finance
ADUS,Addus HomeCare Corporation,1946658176,"$1,946,658,176",Small Cap,Yahoo Finance
HBNB,Hotel101 Global Holdings Corp.,1920049664,"$1,920,049,664",Small Cap,Yahoo Finance
HLMN,Hillman Solutions Corp.,1919076992,"$1,919,076,992",Small Cap,Yahoo Finance
JBLU,JetBlue Airways Corporation,1916755456,"$1,916,755,456",Small Cap,Yahoo Finance
IQ,"iQIYI, Inc.",1916288128,"$1,916,288,128",Small Cap,Yahoo Finance
SGRY,"Surgery Partners, Inc.",1914258304,"$1,914,258,304",Small Cap,Yahoo Finance
NWBI,"Northwest Bancshares, Inc.",1905247872,"$1,905,247,872",Small Cap,Yahoo Finance
VECO,Veeco Instruments Inc.,1900564224,"$1,900,564,224",Small Cap,Yahoo Finance
ARDX,"Ardelyx, Inc.",1892769792,"$1,892,769,792",Small Cap,Yahoo Finance
ODD,ODDITY Tech Ltd.,1891462016,"$1,891,462,016",Small Cap,Yahoo Finance
WLDN,"Willdan Group, Inc.",1890344960,"$1,890,344,960",Small Cap,Yahoo Finance
DRH,Diamondrock Hospitality Company,1884930560,"$1,884,930,560",Small Cap,Yahoo Finance
METCB,"Ramaco Resources, Inc.",1882616960,"$1,882,616,960",Small Cap,Yahoo Finance
MAAS,Maase Inc.,1882015744,"$1,882,015,744",Small Cap,Yahoo Finance
TILE,"Interface, Inc.",1880761728,"$1,880,761,728",Small Cap,Yahoo Finance
HTO,H2O America,1880125056,"$1,880,125,056",Small Cap,Yahoo Finance
QDEL,QuidelOrtho Corporation,1878306944,"$1,878,306,944",Small Cap,Yahoo Finance
RUM,Rumble Inc.,1871673600,"$1,871,673,600",Small Cap,Yahoo Finance
VCEL,Vericel Corporation,1868204416,"$1,868,204,416",Small Cap,Yahoo Finance
MQ,"Marqeta, Inc.",1864648192,"$1,864,648,192",Small Cap,Yahoo Finance
SNDX,"Syndax Pharmaceuticals, Inc.",1855631872,"$1,855,631,872",Small Cap,Yahoo Finance
CLBK,"Columbia Financial, Inc.",1847389312,"$1,847,389,312",Small Cap,Yahoo Finance
MNKD,MannKind Corporation,1845492352,"$1,845,492,352",Small Cap,Yahoo Finance
JJSF,J & J Snack Foods Corp.,1841468544,"$1,841,468,544",Small Cap,Yahoo Finance
PENN,"PENN Entertainment, Inc.",1839659520,"$1,839,659,520",Small Cap,Yahoo Finance
MCW,"Mister Car Wash, Inc.",1837658624,"$1,837,658,624",Small Cap,Yahoo Finance
SEDG,"SolarEdge Technologies, Inc.",1832273536,"$1,832,273,536",Small Cap,Yahoo Finance
ATRC,"AtriCure, Inc.",1830579456,"$1,830,579,456",Small Cap,Yahoo Finance
NWL,Newell Brands Inc.,1819328000,"$1,819,328,000",Small Cap,Yahoo Finance
DVAX,Dynavax Technologies Corporatio,1818912768,"$1,818,912,768",Small Cap,Yahoo Finance
CHCO,City Holding Company,1804539392,"$1,804,539,392",Small Cap,Yahoo Finance
ZLAB,Zai Lab Limited,1802678144,"$1,802,678,144",Small Cap,Yahoo Finance
DJTWW,Trump Media & Technology Group ,1797854336,"$1,797,854,336",Small Cap,Yahoo Finance
ANIP,"ANI Pharmaceuticals, Inc.",1796653440,"$1,796,653,440",Small Cap,Yahoo Finance
SONO,"Sonos, Inc.",1793863424,"$1,793,863,424",Small Cap,Yahoo Finance
PHVS,Pharvaris N.V.,1781837952,"$1,781,837,952",Small Cap,Yahoo Finance
DFTX,"Definium Therapeutics, Inc.",1772305792,"$1,772,305,792",Small Cap,Yahoo Finance
ZYME,Zymeworks Inc.,1764404352,"$1,764,404,352",Small Cap,Yahoo Finance
PRGS,Progress Software Corporation,1758781440,"$1,758,781,440",Small Cap,Yahoo Finance
INOD,Innodata Inc.,1758087296,"$1,758,087,296",Small Cap,Yahoo Finance
NRIX,"Nurix Therapeutics, Inc.",1757587072,"$1,757,587,072",Small Cap,Yahoo Finance
STOK,"Stoke Therapeutics, Inc.",1757494784,"$1,757,494,784",Small Cap,Yahoo Finance
CRVS,"Corvus Pharmaceuticals, Inc.",1757445248,"$1,757,445,248",Small Cap,Yahoo Finance
AXGN,"AxoGen, Inc.",1756925952,"$1,756,925,952",Small Cap,Yahoo Finance
MBX,"MBX Biosciences, Inc.",1754333056,"$1,754,333,056",Small Cap,Yahoo Finance
AVAH,Aveanna Healthcare Holdings Inc,1740231808,"$1,740,231,808",Small Cap,Yahoo Finance
ICFI,"ICF International, Inc.",1728737280,"$1,728,737,280",Small Cap,Yahoo Finance
AZTA,"Azenta, Inc.",1725988736,"$1,725,988,736",Small Cap,Yahoo Finance
SMPL,The Simply Good Foods Company,1722334976,"$1,722,334,976",Small Cap,Yahoo Finance
REAL,"The RealReal, Inc.",1716404736,"$1,716,404,736",Small Cap,Yahoo Finance
PGEN,"Precigen, Inc.",1708972416,"$1,708,972,416",Small Cap,Yahoo Finance
ARRY,"Array Technologies, Inc.",1701610112,"$1,701,610,112",Small Cap,Yahoo Finance
PAHC,Phibro Animal Health Corporatio,1698763520,"$1,698,763,520",Small Cap,Yahoo Finance
PCT,"PureCycle Technologies, Inc.",1692062464,"$1,692,062,464",Small Cap,Yahoo Finance
DGII,Digi International Inc.,1691520000,"$1,691,520,000",Small Cap,Yahoo Finance
MCRI,"Monarch Casino & Resort, Inc.",1679144192,"$1,679,144,192",Small Cap,Yahoo Finance
OCS,Oculis Holding AG,1678134528,"$1,678,134,528",Small Cap,Yahoo Finance
SRCE,1st Source Corporation,1673044224,"$1,673,044,224",Small Cap,Yahoo Finance
ELVN,"Enliven Therapeutics, Inc.",1671813888,"$1,671,813,888",Small Cap,Yahoo Finance
RAPT,"RAPT Therapeutics, Inc.",1670446208,"$1,670,446,208",Small Cap,Yahoo Finance
IMCR,Immunocore Holdings plc,1669525120,"$1,669,525,120",Small Cap,Yahoo Finance
ALGT,Allegiant Travel Company,1667634176,"$1,667,634,176",Small Cap,Yahoo Finance
KDK,"Kodiak AI, Inc.",1667107968,"$1,667,107,968",Small Cap,Yahoo Finance
HROW,"Harrow, Inc.",1662981632,"$1,662,981,632",Small Cap,Yahoo Finance
ORKA,"Oruka Therapeutics, Inc.",1660436608,"$1,660,436,608",Small Cap,Yahoo Finance
PSIX,"Power Solutions International, ",1660099072,"$1,660,099,072",Small Cap,Yahoo Finance
TCBK,TriCo Bancshares,1659394560,"$1,659,394,560",Small Cap,Yahoo Finance
ALVO,Alvotech,1657718144,"$1,657,718,144",Small Cap,Yahoo Finance
TYRA,"Tyra Biosciences, Inc.",1655602432,"$1,655,602,432",Small Cap,Yahoo Finance
STBA,"S&T Bancorp, Inc.",1651594240,"$1,651,594,240",Small Cap,Yahoo Finance
BCRX,"BioCryst Pharmaceuticals, Inc.",1644498944,"$1,644,498,944",Small Cap,Yahoo Finance
LZ,"LegalZoom.com, Inc.",1643874304,"$1,643,874,304",Small Cap,Yahoo Finance
AGIO,"Agios Pharmaceuticals, Inc.",1642116992,"$1,642,116,992",Small Cap,Yahoo Finance
WINA,Winmark Corporation,1642001664,"$1,642,001,664",Small Cap,Yahoo Finance
IPX,IperionX Limited,1641591040,"$1,641,591,040",Small Cap,Yahoo Finance
CLDX,"Celldex Therapeutics, Inc.",1638643968,"$1,638,643,968",Small Cap,Yahoo Finance
PRCT,PROCEPT BioRobotics Corporation,1628302080,"$1,628,302,080",Small Cap,Yahoo Finance
RCAT,"Red Cat Holdings, Inc.",1627028608,"$1,627,028,608",Small Cap,Yahoo Finance
BFC,Bank First Corporation,1626160000,"$1,626,160,000",Small Cap,Yahoo Finance
GABC,"German American Bancorp, Inc.",1619813376,"$1,619,813,376",Small Cap,Yahoo Finance
BLBD,Blue Bird Corporation,1619365888,"$1,619,365,888",Small Cap,Yahoo Finance
UPB,"Upstream Bio, Inc.",1617915520,"$1,617,915,520",Small Cap,Yahoo Finance
AMLX,"Amylyx Pharmaceuticals, Inc.",1611053056,"$1,611,053,056",Small Cap,Yahoo Finance
TNGX,"Tango Therapeutics, Inc.",1608044416,"$1,608,044,416",Small Cap,Yahoo Finance
NEO,"NeoGenomics, Inc.",1592763904,"$1,592,763,904",Small Cap,Yahoo Finance
GLUE,"Monte Rosa Therapeutics, Inc.",1591948800,"$1,591,948,800",Small Cap,Yahoo Finance
PGY,Pagaya Technologies Ltd.,1586211840,"$1,586,211,840",Small Cap,Yahoo Finance
LILA,Liberty Latin America Ltd.,1578013056,"$1,578,013,056",Small Cap,Yahoo Finance
LILAK,Liberty Latin America Ltd.,1572089728,"$1,572,089,728",Small Cap,Yahoo Finance
STGW,Stagwell Inc.,1570327168,"$1,570,327,168",Small Cap,Yahoo Finance
INVA,"Innoviva, Inc.",1568654976,"$1,568,654,976",Small Cap,Yahoo Finance
WBTN,WEBTOON Entertainment Inc.,1567831040,"$1,567,831,040",Small Cap,Yahoo Finance
HOPE,"Hope Bancorp, Inc.",1565342208,"$1,565,342,208",Small Cap,Yahoo Finance
SHLS,"Shoals Technologies Group, Inc.",1560060032,"$1,560,060,032",Small Cap,Yahoo Finance
FTRE,Fortrea Holdings Inc.,1557864064,"$1,557,864,064",Small Cap,Yahoo Finance
TRIP,"TripAdvisor, Inc.",1556050048,"$1,556,050,048",Small Cap,Yahoo Finance
QCRH,"QCR Holdings, Inc.",1555049728,"$1,555,049,728",Small Cap,Yahoo Finance
DCOM,"Dime Community Bancshares, Inc.",1552104064,"$1,552,104,064",Small Cap,Yahoo Finance
LKFN,Lakeland Financial Corporation,1551125760,"$1,551,125,760",Small Cap,Yahoo Finance
ZD,"Ziff Davis, Inc.",1550319872,"$1,550,319,872",Small Cap,Yahoo Finance
KARO,Karooooo Ltd.,1547136512,"$1,547,136,512",Small Cap,Yahoo Finance
HTZ,"Hertz Global Holdings, Inc",1545500800,"$1,545,500,800",Small Cap,Yahoo Finance
FLYW,Flywire Corporation - Voting,1538664064,"$1,538,664,064",Small Cap,Yahoo Finance
QURE,uniQure N.V.,1538604160,"$1,538,604,160",Small Cap,Yahoo Finance
ROCK,"Gibraltar Industries, Inc.",1535036672,"$1,535,036,672",Small Cap,Yahoo Finance
SBET,"SharpLink Gaming, Inc.",1532239872,"$1,532,239,872",Small Cap,Yahoo Finance
MXL,"MaxLinear, Inc",1524998272,"$1,524,998,272",Small Cap,Yahoo Finance
CNXN,"PC Connection, Inc.",1524863616,"$1,524,863,616",Small Cap,Yahoo Finance
SKYT,"SkyWater Technology, Inc.",1522956544,"$1,522,956,544",Small Cap,Yahoo Finance
GCT,GigaCloud Technology Inc,1521709056,"$1,521,709,056",Small Cap,Yahoo Finance
NTLA,"Intellia Therapeutics, Inc.",1512738944,"$1,512,738,944",Small Cap,Yahoo Finance
BVC,BitVentures Limited,1505280000,"$1,505,280,000",Small Cap,Yahoo Finance
ARHS,"Arhaus, Inc.",1496683904,"$1,496,683,904",Small Cap,Yahoo Finance
TIGR,UP Fintech Holding Limited,1495838592,"$1,495,838,592",Small Cap,Yahoo Finance
ENVX,Enovix Corporation,1490987904,"$1,490,987,904",Small Cap,Yahoo Finance
CCB,Coastal Financial Corporation,1489946368,"$1,489,946,368",Small Cap,Yahoo Finance
COLL,"Collegium Pharmaceutical, Inc.",1489193088,"$1,489,193,088",Small Cap,Yahoo Finance
TSAT,Telesat Corporation,1488725376,"$1,488,725,376",Small Cap,Yahoo Finance
GLIBK,"GCI Liberty, Inc. - Series C GC",1485952768,"$1,485,952,768",Small Cap,Yahoo Finance
CRML,Critical Metals Corp.,1484417664,"$1,484,417,664",Small Cap,Yahoo Finance
KOD,Kodiak Sciences Inc,1471877632,"$1,471,877,632",Small Cap,Yahoo Finance
IMKTA,"Ingles Markets, Incorporated",1470924544,"$1,470,924,544",Small Cap,Yahoo Finance
XPEL,"XPEL, Inc.",1466135552,"$1,466,135,552",Small Cap,Yahoo Finance
WEN,Wendy's Company (The),1465445632,"$1,465,445,632",Small Cap,Yahoo Finance
NSSC,"NAPCO Security Technologies, In",1462950528,"$1,462,950,528",Small Cap,Yahoo Finance
KMTS,"Kestra Medical Technologies, Lt",1458726400,"$1,458,726,400",Small Cap,Yahoo Finance
RBCAA,"Republic Bancorp, Inc.",1434700160,"$1,434,700,160",Small Cap,Yahoo Finance
WLFC,Willis Lease Finance Corporatio,1434535296,"$1,434,535,296",Small Cap,Yahoo Finance
AMSC,American Superconductor Corpora,1429070080,"$1,429,070,080",Small Cap,Yahoo Finance
TRS,TriMas Corporation,1419753344,"$1,419,753,344",Small Cap,Yahoo Finance
EXPI,"eXp World Holdings, Inc.",1415235200,"$1,415,235,200",Small Cap,Yahoo Finance
DHC,Diversified Healthcare Trust,1414138240,"$1,414,138,240",Small Cap,Yahoo Finance
ANAB,"AnaptysBio, Inc.",1413755392,"$1,413,755,392",Small Cap,Yahoo Finance
RLAY,"Relay Therapeutics, Inc.",1412577408,"$1,412,577,408",Small Cap,Yahoo Finance
NVAX,"Novavax, Inc.",1412116224,"$1,412,116,224",Small Cap,Yahoo Finance
FIVN,"Five9, Inc.",1406324480,"$1,406,324,480",Small Cap,Yahoo Finance
TRVI,"Trevi Therapeutics, Inc.",1405402240,"$1,405,402,240",Small Cap,Yahoo Finance
MLKN,"MillerKnoll, Inc.",1403867776,"$1,403,867,776",Small Cap,Yahoo Finance
NNE,Nano Nuclear Energy Inc.,1402175616,"$1,402,175,616",Small Cap,Yahoo Finance
ATAI,AtaiBeckley Inc.,1394744064,"$1,394,744,064",Small Cap,Yahoo Finance
HIMX,"Himax Technologies, Inc.",1394059776,"$1,394,059,776",Small Cap,Yahoo Finance
HCSG,"Healthcare Services Group, Inc.",1392496768,"$1,392,496,768",Small Cap,Yahoo Finance
AFYA,Afya Limited,1390316672,"$1,390,316,672",Small Cap,Yahoo Finance
NUKKW,,1385509632,"$1,385,509,632",Small Cap,Yahoo Finance
QQQX,Nuveen NASDAQ 100 Dynamic Overw,1379356672,"$1,379,356,672",Small Cap,Yahoo Finance
FSLY,"Fastly, Inc.",1378961920,"$1,378,961,920",Small Cap,Yahoo Finance
TRUP,"Trupanion, Inc.",1373269632,"$1,373,269,632",Small Cap,Yahoo Finance
CNOB,"ConnectOne Bancorp, Inc.",1372957952,"$1,372,957,952",Small Cap,Yahoo Finance
COHU,"Cohu, Inc.",1370428288,"$1,370,428,288",Small Cap,Yahoo Finance
AHCO,AdaptHealth Corp.,1367785856,"$1,367,785,856",Small Cap,Yahoo Finance
GILT,Gilat Satellite Networks Ltd.,1365158272,"$1,365,158,272",Small Cap,Yahoo Finance
NVCR,NovoCure Limited,1365060352,"$1,365,060,352",Small Cap,Yahoo Finance
TNDM,"Tandem Diabetes Care, Inc.",1362149376,"$1,362,149,376",Small Cap,Yahoo Finance
DSGR,"Distribution Solutions Group, I",1360950528,"$1,360,950,528",Small Cap,Yahoo Finance
BITF,Bitfarms Ltd.,1351307008,"$1,351,307,008",Small Cap,Yahoo Finance
PLTK,Playtika Holding Corp.,1350040448,"$1,350,040,448",Small Cap,Yahoo Finance
NEXT,NextDecade Corporation,1345191168,"$1,345,191,168",Small Cap,Yahoo Finance
IMTX,Immatics N.V.,1339297664,"$1,339,297,664",Small Cap,Yahoo Finance
JCAP,"Jefferson Capital, Inc.",1335505408,"$1,335,505,408",Small Cap,Yahoo Finance
CSWC,Capital Southwest Corporation,1330361088,"$1,330,361,088",Small Cap,Yahoo Finance
PSNY,Polestar Automotive Holding UK ,1329607168,"$1,329,607,168",Small Cap,Yahoo Finance
ABTC,American Bitcoin Corp.,1326475136,"$1,326,475,136",Small Cap,Yahoo Finance
WLTH,Wealthfront Corporation,1324061696,"$1,324,061,696",Small Cap,Yahoo Finance
RAPP,"Rapport Therapeutics, Inc.",1322596480,"$1,322,596,480",Small Cap,Yahoo Finance
CERT,"Certara, Inc.",1321968896,"$1,321,968,896",Small Cap,Yahoo Finance
EZPW,"EZCORP, Inc.",1317183360,"$1,317,183,360",Small Cap,Yahoo Finance
DVGR,DAC 3D Dividend Growth ETF,1316306048,"$1,316,306,048",Small Cap,Yahoo Finance
PSEC,Prospect Capital Corporation,1299714304,"$1,299,714,304",Small Cap,Yahoo Finance
MGIC,Magic Software Enterprises Ltd.,1298676608,"$1,298,676,608",Small Cap,Yahoo Finance
AMPH,"Amphastar Pharmaceuticals, Inc.",1298142592,"$1,298,142,592",Small Cap,Yahoo Finance
ELE,Elemental Royalty Corporation,1295170560,"$1,295,170,560",Small Cap,Yahoo Finance
CCEC,Capital Clean Energy Carriers C,1286812928,"$1,286,812,928",Small Cap,Yahoo Finance
ECPG,Encore Capital Group Inc,1285437568,"$1,285,437,568",Small Cap,Yahoo Finance
CSIQ,Canadian Solar Inc.,1281179008,"$1,281,179,008",Small Cap,Yahoo Finance
PLPC,Preformed Line Products Company,1280806784,"$1,280,806,784",Small Cap,Yahoo Finance
IMOS,ChipMOS TECHNOLOGIES INC.,1276911360,"$1,276,911,360",Small Cap,Yahoo Finance
TSHA,"Taysha Gene Therapies, Inc.",1276464128,"$1,276,464,128",Small Cap,Yahoo Finance
WABC,Westamerica Bancorporation,1275325696,"$1,275,325,696",Small Cap,Yahoo Finance
GIII,"G-III Apparel Group, LTD.",1265619840,"$1,265,619,840",Small Cap,Yahoo Finance
OPRA,Opera Limited,1264037632,"$1,264,037,632",Small Cap,Yahoo Finance
IRMD,iRadimed Corporation,1259394432,"$1,259,394,432",Small Cap,Yahoo Finance
CAPR,"Capricor Therapeutics, Inc.",1256079488,"$1,256,079,488",Small Cap,Yahoo Finance
CRAI,"CRA International,Inc.",1250022912,"$1,250,022,912",Small Cap,Yahoo Finance
PPH,VanEck Pharmaceutical ETF,1248577024,"$1,248,577,024",Small Cap,Yahoo Finance
TRIN,Trinity Capital Inc.,1237422848,"$1,237,422,848",Small Cap,Yahoo Finance
MRVI,"Maravai LifeSciences Holdings, ",1234737280,"$1,234,737,280",Small Cap,Yahoo Finance
PDFS,"PDF Solutions, Inc.",1233989760,"$1,233,989,760",Small Cap,Yahoo Finance
METC,"Ramaco Resources, Inc.",1233196160,"$1,233,196,160",Small Cap,Yahoo Finance
VITL,"Vital Farms, Inc.",1228612864,"$1,228,612,864",Small Cap,Yahoo Finance
SANA,"Sana Biotechnology, Inc.",1222620544,"$1,222,620,544",Small Cap,Yahoo Finance
XERS,"Xeris Biopharma Holdings, Inc.",1221202816,"$1,221,202,816",Small Cap,Yahoo Finance
OUST,"Ouster, Inc.",1219906176,"$1,219,906,176",Small Cap,Yahoo Finance
CCOI,"Cogent Communications Holdings,",1215304704,"$1,215,304,704",Small Cap,Yahoo Finance
EVO,Evotec SE,1214815488,"$1,214,815,488",Small Cap,Yahoo Finance
AMPL,"Amplitude, Inc.",1211196800,"$1,211,196,800",Small Cap,Yahoo Finance
TBLA,Taboola.com Ltd.,1207645952,"$1,207,645,952",Small Cap,Yahoo Finance
AMAL,Amalgamated Financial Corp.,1203140608,"$1,203,140,608",Small Cap,Yahoo Finance
SGML,Sigma Lithium Corporation,1202390016,"$1,202,390,016",Small Cap,Yahoo Finance
INBX,"Inhibrx Biosciences, Inc.",1195931648,"$1,195,931,648",Small Cap,Yahoo Finance
ACHC,"Acadia Healthcare Company, Inc.",1194768768,"$1,194,768,768",Small Cap,Yahoo Finance
PHAR,Pharming Group N.V.,1182628352,"$1,182,628,352",Small Cap,Yahoo Finance
DAWN,"Day One Biopharmaceuticals, Inc",1180768256,"$1,180,768,256",Small Cap,Yahoo Finance
SAFT,"Safety Insurance Group, Inc.",1177235584,"$1,177,235,584",Small Cap,Yahoo Finance
DBVT,DBV Technologies S.A.,1172174080,"$1,172,174,080",Small Cap,Yahoo Finance
AEBI,Aebi Schmidt Holding AG,1170954624,"$1,170,954,624",Small Cap,Yahoo Finance
PEBO,Peoples Bancorp Inc.,1163559552,"$1,163,559,552",Small Cap,Yahoo Finance
ASTE,"Astec Industries, Inc.",1163236480,"$1,163,236,480",Small Cap,Yahoo Finance
GLIBA,"GCI Liberty, Inc. - Series A GC",1162173568,"$1,162,173,568",Small Cap,Yahoo Finance
CMPX,"Compass Therapeutics, Inc.",1159660800,"$1,159,660,800",Small Cap,Yahoo Finance
ULCC,"Frontier Group Holdings, Inc.",1159406208,"$1,159,406,208",Small Cap,Yahoo Finance
LMRI,"Lumexa Imaging Holdings, Inc.",1159374976,"$1,159,374,976",Small Cap,Yahoo Finance
DMLP,"Dorchester Minerals, L.P.",1159095936,"$1,159,095,936",Small Cap,Yahoo Finance
LGIH,"LGI Homes, Inc.",1158570880,"$1,158,570,880",Small Cap,Yahoo Finance
AXTI,AXT Inc,1157440896,"$1,157,440,896",Small Cap,Yahoo Finance
AKTS,"Aktis Oncology, Inc.",1154439680,"$1,154,439,680",Small Cap,Yahoo Finance
CSTL,"Castle Biosciences, Inc.",1152076416,"$1,152,076,416",Small Cap,Yahoo Finance
DAKT,"Daktronics, Inc.",1148498560,"$1,148,498,560",Small Cap,Yahoo Finance
UPBD,"Upbound Group, Inc.",1144796288,"$1,144,796,288",Small Cap,Yahoo Finance
NUTX,Nutex Health Inc.,1140346496,"$1,140,346,496",Small Cap,Yahoo Finance
CTBI,"Community Trust Bancorp, Inc.",1138218752,"$1,138,218,752",Small Cap,Yahoo Finance
CLOV,"Clover Health Investments, Corp",1136691712,"$1,136,691,712",Small Cap,Yahoo Finance
IVA,Inventiva S.A. - American Depos,1134280832,"$1,134,280,832",Small Cap,Yahoo Finance
HLIT,Harmonic Inc.,1134182400,"$1,134,182,400",Small Cap,Yahoo Finance
XXX,CYBER HORNET S&P 500 AND XRP 75,1132914816,"$1,132,914,816",Small Cap,Yahoo Finance
FSUN,FirstSun Capital Bancorp,1131110400,"$1,131,110,400",Small Cap,Yahoo Finance
INMD,InMode Ltd.,1127979264,"$1,127,979,264",Small Cap,Yahoo Finance
SVRA,"Savara, Inc.",1123142528,"$1,123,142,528",Small Cap,Yahoo Finance
SEPN,"Septerna, Inc.",1120698112,"$1,120,698,112",Small Cap,Yahoo Finance
ASTH,Astrana Health Inc.,1119473280,"$1,119,473,280",Small Cap,Yahoo Finance
SIFY,Sify Technologies Limited - Ame,1119260672,"$1,119,260,672",Small Cap,Yahoo Finance
MLTX,MoonLake Immunotherapeutics,1118680448,"$1,118,680,448",Small Cap,Yahoo Finance
PZZA,"Papa John's International, Inc.",1111233280,"$1,111,233,280",Small Cap,Yahoo Finance
OXLC,Oxford Lane Capital Corp.,1106071424,"$1,106,071,424",Small Cap,Yahoo Finance
EYPT,"EyePoint, Inc.",1100242048,"$1,100,242,048",Small Cap,Yahoo Finance
OCFC,OceanFirst Financial Corp.,1090994688,"$1,090,994,688",Small Cap,Yahoo Finance
MRTN,"Marten Transport, Ltd.",1086957184,"$1,086,957,184",Small Cap,Yahoo Finance
CDNA,"CareDx, Inc.",1086894336,"$1,086,894,336",Small Cap,Yahoo Finance
ORIC,"Oric Pharmaceuticals, Inc.",1086864384,"$1,086,864,384",Small Cap,Yahoo Finance
PFBC,Preferred Bank,1083408128,"$1,083,408,128",Small Cap,Yahoo Finance
NNNN,Anbio Biotechnology,1082356992,"$1,082,356,992",Small Cap,Yahoo Finance
OCSL,Oaktree Specialty Lending Corpo,1078166784,"$1,078,166,784",Small Cap,Yahoo Finance
PHAT,"Phathom Pharmaceuticals, Inc.",1077365632,"$1,077,365,632",Small Cap,Yahoo Finance
IGIC,International General Insurance,1076432128,"$1,076,432,128",Small Cap,Yahoo Finance
BLFS,"BioLife Solutions, Inc.",1075145856,"$1,075,145,856",Small Cap,Yahoo Finance
VIR,"Vir Biotechnology, Inc.",1072653952,"$1,072,653,952",Small Cap,Yahoo Finance
ALNT,Allient Inc.,1071506688,"$1,071,506,688",Small Cap,Yahoo Finance
ICHR,Ichor Holdings,1070381120,"$1,070,381,120",Small Cap,Yahoo Finance
MOMO,Hello Group Inc.,1070058688,"$1,070,058,688",Small Cap,Yahoo Finance
RZLV,Rezolve AI PLC,1068857920,"$1,068,857,920",Small Cap,Yahoo Finance
OSBC,"Old Second Bancorp, Inc.",1066025088,"$1,066,025,088",Small Cap,Yahoo Finance
RDWR,Radware Ltd.,1065879232,"$1,065,879,232",Small Cap,Yahoo Finance
OLPX,"Olaplex Holdings, Inc.",1054668864,"$1,054,668,864",Small Cap,Yahoo Finance
EVLV,"Evolv Technologies Holdings, In",1051197824,"$1,051,197,824",Small Cap,Yahoo Finance
ABCL,AbCellera Biologics Inc.,1047672640,"$1,047,672,640",Small Cap,Yahoo Finance
FMBH,"First Mid Bancshares, Inc.",1045626944,"$1,045,626,944",Small Cap,Yahoo Finance
SCZM,Santacruz Silver Mining Ltd.,1044086208,"$1,044,086,208",Small Cap,Yahoo Finance
NEGG,"Newegg Commerce, Inc.",1041824384,"$1,041,824,384",Small Cap,Yahoo Finance
PENG,"Penguin Solutions, Inc.",1040691136,"$1,040,691,136",Small Cap,Yahoo Finance
SDGR,"Schrodinger, Inc.",1037935680,"$1,037,935,680",Small Cap,Yahoo Finance
IOVA,"Iovance Biotherapeutics, Inc.",1036086336,"$1,036,086,336",Small Cap,Yahoo Finance
NBTX,Nanobiotix S.A.,1034050560,"$1,034,050,560",Small Cap,Yahoo Finance
MFIC,MidCap Financial Investment Cor,1033804160,"$1,033,804,160",Small Cap,Yahoo Finance
CTMX,"CytomX Therapeutics, Inc.",1031861568,"$1,031,861,568",Small Cap,Yahoo Finance
GLDD,Great Lakes Dredge & Dock Corpo,1028149440,"$1,028,149,440",Small Cap,Yahoo Finance
NBN,Northeast Bank,1021631360,"$1,021,631,360",Small Cap,Yahoo Finance
SPRY,"ARS Pharmaceuticals, Inc.",1018140672,"$1,018,140,672",Small Cap,Yahoo Finance
OPK,"Opko Health, Inc.",1016041920,"$1,016,041,920",Small Cap,Yahoo Finance
ARVN,"Arvinas, Inc.",1015365312,"$1,015,365,312",Small Cap,Yahoo Finance
PEY,Invesco High Yield Equity Divid,1010128000,"$1,010,128,000",Small Cap,Yahoo Finance
NBBK,"NB Bancorp, Inc.",1009246080,"$1,009,246,080",Small Cap,Yahoo Finance
SBGI,"Sinclair, Inc.",1009018240,"$1,009,018,240",Small Cap,Yahoo Finance
BHRB,Burke & Herbert Financial Servi,1005625152,"$1,005,625,152",Small Cap,Yahoo Finance
LQDT,"Liquidity Services, Inc.",1005493568,"$1,005,493,568",Small Cap,Yahoo Finance
TBPH,"Theravance Biopharma, Inc.",1004834304,"$1,004,834,304",Small Cap,Yahoo Finance
TASK,"TaskUs, Inc.",1004539776,"$1,004,539,776",Small Cap,Yahoo Finance
VTYX,"Ventyx Biosciences, Inc.",1001632000,"$1,001,632,000",Small Cap,Yahoo Finance
LMB,"Limbach Holdings, Inc.",999092160,"$999,092,160",Small Cap,Yahoo Finance
HEPS,D-Market Electronic Services & ,991443200,"$991,443,200",Small Cap,Yahoo Finance
CFFN,"Capitol Federal Financial, Inc.",991044800,"$991,044,800",Small Cap,Yahoo Finance
ROOT,"Root, Inc.",990092096,"$990,092,096",Small Cap,Yahoo Finance
ACDC,ProFrac Holding Corp.,983939264,"$983,939,264",Small Cap,Yahoo Finance
FWRG,"First Watch Restaurant Group, I",983837568,"$983,837,568",Small Cap,Yahoo Finance
GERN,Geron Corporation,983067072,"$983,067,072",Small Cap,Yahoo Finance
BBSI,"Barrett Business Services, Inc.",981598208,"$981,598,208",Small Cap,Yahoo Finance
GHRS,GH Research PLC,981305024,"$981,305,024",Small Cap,Yahoo Finance
UVSP,Univest Financial Corporation,978852672,"$978,852,672",Small Cap,Yahoo Finance
PNTG,"The Pennant Group, Inc.",976234752,"$976,234,752",Small Cap,Yahoo Finance
SCSC,"ScanSource, Inc.",975146368,"$975,146,368",Small Cap,Yahoo Finance
ZBIO,"Zenas BioPharma, Inc.",974276864,"$974,276,864",Small Cap,Yahoo Finance
HDL,SUPER HI INTERNATIONAL HOLDING ,973919936,"$973,919,936",Small Cap,Yahoo Finance
THRM,Gentherm Inc,973752192,"$973,752,192",Small Cap,Yahoo Finance
NAVI,Navient Corporation,973116864,"$973,116,864",Small Cap,Yahoo Finance
CRTO,Criteo S.A.,972396928,"$972,396,928",Small Cap,Yahoo Finance
MOFG,"MidWestOne Financial Group, Inc",971254976,"$971,254,976",Small Cap,Yahoo Finance
CRCT,"Cricut, Inc.",964597440,"$964,597,440",Small Cap,Yahoo Finance
ANPA,Rich Sparkle Holdings Limited,962499968,"$962,499,968",Small Cap,Yahoo Finance
BBOT,BridgeBio Oncology Therapeutics,962263872,"$962,263,872",Small Cap,Yahoo Finance
SNCY,"Sun Country Airlines Holdings, ",961827456,"$961,827,456",Small Cap,Yahoo Finance
CRON,Cronos Group Inc. Common Share,961106240,"$961,106,240",Small Cap,Yahoo Finance
MOBBW,MOBILICOM LTD C/WTS 31/08/2027 ,959371392,"$959,371,392",Small Cap,Yahoo Finance
LIND,Lindblad Expeditions Holdings I,957324864,"$957,324,864",Small Cap,Yahoo Finance
MSEX,Middlesex Water Company,952466368,"$952,466,368",Small Cap,Yahoo Finance
AVO,"Mission Produce, Inc.",951371456,"$951,371,456",Small Cap,Yahoo Finance
ANNX,"Annexon, Inc.",950976512,"$950,976,512",Small Cap,Yahoo Finance
BJRI,"BJ's Restaurants, Inc.",950676032,"$950,676,032",Small Cap,Yahoo Finance
SSYS,"Stratasys, Ltd.",950048320,"$950,048,320",Small Cap,Yahoo Finance
ESQ,"Esquire Financial Holdings, Inc",946315456,"$946,315,456",Small Cap,Yahoo Finance
BFST,"Business First Bancshares, Inc.",945985984,"$945,985,984",Small Cap,Yahoo Finance
PVLA,"Palvella Therapeutics, Inc.",945735552,"$945,735,552",Small Cap,Yahoo Finance
CDNL,Cardinal Infrastructure Group I,939123328,"$939,123,328",Small Cap,Yahoo Finance
NRDS,"NerdWallet, Inc.",938601344,"$938,601,344",Small Cap,Yahoo Finance
AVBP,"ArriVent BioPharma, Inc.",935848448,"$935,848,448",Small Cap,Yahoo Finance
CHY,Calamos Convertible and High In,935492416,"$935,492,416",Small Cap,Yahoo Finance
SLDP,"Solid Power, Inc.",933896064,"$933,896,064",Small Cap,Yahoo Finance
JBSS,"John B. Sanfilippo & Son, Inc.",933542336,"$933,542,336",Small Cap,Yahoo Finance
CRESY,Cresud S.A.C.I.F. y A.,932007232,"$932,007,232",Small Cap,Yahoo Finance
EVGO,EVgo Inc.,930107840,"$930,107,840",Small Cap,Yahoo Finance
RING,iShares MSCI Global Gold Miners,929545024,"$929,545,024",Small Cap,Yahoo Finance
UFCS,"United Fire Group, Inc",929486976,"$929,486,976",Small Cap,Yahoo Finance
PLSE,"Pulse Biosciences, Inc",929093440,"$929,093,440",Small Cap,Yahoo Finance
URGN,UroGen Pharma Ltd.,922135232,"$922,135,232",Small Cap,Yahoo Finance
HBNC,"Horizon Bancorp, Inc.",919865024,"$919,865,024",Small Cap,Yahoo Finance
MBWM,Mercantile Bank Corporation,918502144,"$918,502,144",Small Cap,Yahoo Finance
BCAX,Bicara Therapeutics Inc.,918145536,"$918,145,536",Small Cap,Yahoo Finance
GSM,Ferroglobe PLC,916879232,"$916,879,232",Small Cap,Yahoo Finance
YB,Yuanbao Inc.,915152832,"$915,152,832",Small Cap,Yahoo Finance
PCRX,"Pacira BioSciences, Inc.",912911424,"$912,911,424",Small Cap,Yahoo Finance
GO,Grocery Outlet Holding Corp.,911694912,"$911,694,912",Small Cap,Yahoo Finance
FWRD,Forward Air Corporation,905573824,"$905,573,824",Small Cap,Yahoo Finance
ITRN,Ituran Location and Control Ltd,904362112,"$904,362,112",Small Cap,Yahoo Finance
ASST,"Strive, Inc.",902146304,"$902,146,304",Small Cap,Yahoo Finance
AMWD,American Woodmark Corporation,899791936,"$899,791,936",Small Cap,Yahoo Finance
HFWA,Heritage Financial Corporation,898334592,"$898,334,592",Small Cap,Yahoo Finance
MFI,mF International Limited,898305792,"$898,305,792",Small Cap,Yahoo Finance
CHI,Calamos Convertible Opportuniti,898200320,"$898,200,320",Small Cap,Yahoo Finance
GEMI,"Gemini Space Station, Inc.",896521344,"$896,521,344",Small Cap,Yahoo Finance
EH,EHang Holdings Limited,894051904,"$894,051,904",Small Cap,Yahoo Finance
POET,POET Technologies Inc.,891833344,"$891,833,344",Small Cap,Yahoo Finance
AHMA,Ambitions Enterprise Management,891750016,"$891,750,016",Small Cap,Yahoo Finance
STAA,STAAR Surgical Company,890561792,"$890,561,792",Small Cap,Yahoo Finance
SCHL,Scholastic Corporation,886388544,"$886,388,544",Small Cap,Yahoo Finance
NMFC,New Mountain Finance Corporatio,885076800,"$885,076,800",Small Cap,Yahoo Finance
CGBD,"Carlyle Secured Lending, Inc.",880668032,"$880,668,032",Small Cap,Yahoo Finance
HBT,"HBT Financial, Inc.",877579328,"$877,579,328",Small Cap,Yahoo Finance
LIFE,Ethos Technologies Inc.,873075712,"$873,075,712",Small Cap,Yahoo Finance
IART,Integra LifeSciences Holdings C,869484416,"$869,484,416",Small Cap,Yahoo Finance
TLRY,"Tilray Brands, Inc.",866811456,"$866,811,456",Small Cap,Yahoo Finance
IIIV,"i3 Verticals, Inc.",865810048,"$865,810,048",Small Cap,Yahoo Finance
XNCR,"Xencor, Inc.",864780800,"$864,780,800",Small Cap,Yahoo Finance
OMDA,"Omada Health, Inc.",860513600,"$860,513,600",Small Cap,Yahoo Finance
LINC,Lincoln Educational Services Co,859534784,"$859,534,784",Small Cap,Yahoo Finance
FSBC,Five Star Bancorp,858038784,"$858,038,784",Small Cap,Yahoo Finance
AENT,Alliance Entertainment Holding ,855481280,"$855,481,280",Small Cap,Yahoo Finance
MVST,"Microvast Holdings, Inc.",853275392,"$853,275,392",Small Cap,Yahoo Finance
ABUS,Arbutus Biopharma Corporation,844302400,"$844,302,400",Small Cap,Yahoo Finance
HNRG,Hallador Energy Company,843529024,"$843,529,024",Small Cap,Yahoo Finance
MCBS,"MetroCity Bankshares, Inc.",843222912,"$843,222,912",Small Cap,Yahoo Finance
JANX,"Janux Therapeutics, Inc.",841467840,"$841,467,840",Small Cap,Yahoo Finance
BIOA,"BioAge Labs, Inc.",839224704,"$839,224,704",Small Cap,Yahoo Finance
KRUS,"Kura Sushi USA, Inc.",839204352,"$839,204,352",Small Cap,Yahoo Finance
SENEA,Seneca Foods Corp.,838036736,"$838,036,736",Small Cap,Yahoo Finance
ESPR,"Esperion Therapeutics, Inc.",836722048,"$836,722,048",Small Cap,Yahoo Finance
RJET,Republic Airways Holdings Inc.,836696000,"$836,696,000",Small Cap,Yahoo Finance
STRD,Strategy Inc - 10.00% Series A ,834646656,"$834,646,656",Small Cap,Yahoo Finance
HTLD,"Heartland Express, Inc.",834110016,"$834,110,016",Small Cap,Yahoo Finance
CCNE,CNB Financial Corporation,833882880,"$833,882,880",Small Cap,Yahoo Finance
ELVR,Elevra Lithium Limited - Americ,833586304,"$833,586,304",Small Cap,Yahoo Finance
CAC,Camden National Corporation,831829888,"$831,829,888",Small Cap,Yahoo Finance
OMER,Omeros Corporation,830953344,"$830,953,344",Small Cap,Yahoo Finance
PSNL,"Personalis, Inc.",830320704,"$830,320,704",Small Cap,Yahoo Finance
MATW,Matthews International Corporat,829510016,"$829,510,016",Small Cap,Yahoo Finance
PRCH,"Porch Group, Inc.",829272512,"$829,272,512",Small Cap,Yahoo Finance
EGBN,"Eagle Bancorp, Inc.",828223616,"$828,223,616",Small Cap,Yahoo Finance
TRST,TrustCo Bank Corp NY,822632512,"$822,632,512",Small Cap,Yahoo Finance
SENEB,Seneca Foods Corp.,822162112,"$822,162,112",Small Cap,Yahoo Finance
HAFC,Hanmi Financial Corporation,821973696,"$821,973,696",Small Cap,Yahoo Finance
EVER,"EverQuote, Inc.",821539264,"$821,539,264",Small Cap,Yahoo Finance
JBIO,"Jade Biosciences, Inc.",821083648,"$821,083,648",Small Cap,Yahoo Finance
DJCO,Daily Journal Corp. (S.C.),819014336,"$819,014,336",Small Cap,Yahoo Finance
SLRC,SLR Investment Corp.,815591744,"$815,591,744",Small Cap,Yahoo Finance
KALV,"KalVista Pharmaceuticals, Inc.",814300800,"$814,300,800",Small Cap,Yahoo Finance
MPLT,"MapLight Therapeutics, Inc.",813538496,"$813,538,496",Small Cap,Yahoo Finance
GPRE,"Green Plains, Inc.",812879872,"$812,879,872",Small Cap,Yahoo Finance
APOG,"Apogee Enterprises, Inc.",810101696,"$810,101,696",Small Cap,Yahoo Finance
VINP,Vinci Compass Investments Ltd.,808899200,"$808,899,200",Small Cap,Yahoo Finance
YDES,YD Bio Limited,808880000,"$808,880,000",Small Cap,Yahoo Finance
LOT,Lotus Technology Inc.,807659392,"$807,659,392",Small Cap,Yahoo Finance
FLGT,"Fulgent Genetics, Inc.",807431680,"$807,431,680",Small Cap,Yahoo Finance
AHG,Akso Health Group,807325312,"$807,325,312",Small Cap,Yahoo Finance
RR,Richtech Robotics Inc.,807181440,"$807,181,440",Small Cap,Yahoo Finance
IRWD,"Ironwood Pharmaceuticals, Inc.",803632512,"$803,632,512",Small Cap,Yahoo Finance
HTBK,Heritage Commerce Corp,802702720,"$802,702,720",Small Cap,Yahoo Finance
INDI,"indie Semiconductor, Inc.",802340544,"$802,340,544",Small Cap,Yahoo Finance
AEHR,Aehr Test Systems,798148544,"$798,148,544",Small Cap,Yahoo Finance
ATLC,Atlanticus Holdings Corporation,795838848,"$795,838,848",Small Cap,Yahoo Finance
ERII,"Energy Recovery, Inc.",795315840,"$795,315,840",Small Cap,Yahoo Finance
CTLP,"Cantaloupe, Inc.",795193152,"$795,193,152",Small Cap,Yahoo Finance
VALN,Valneva SE,793375552,"$793,375,552",Small Cap,Yahoo Finance
GDRX,"GoodRx Holdings, Inc.",792185984,"$792,185,984",Small Cap,Yahoo Finance
GYRE,"Gyre Therapeutics, Inc.",790895232,"$790,895,232",Small Cap,Yahoo Finance
MPB,Mid Penn Bancorp,783821120,"$783,821,120",Small Cap,Yahoo Finance
DSP,Viant Technology Inc.,781418496,"$781,418,496",Small Cap,Yahoo Finance
THFF,First Financial Corporation,780838976,"$780,838,976",Small Cap,Yahoo Finance
DRUG,Bright Minds Biosciences Inc.,780772672,"$780,772,672",Small Cap,Yahoo Finance
NKTR,Nektar Therapeutics,775421312,"$775,421,312",Small Cap,Yahoo Finance
INNV,InnovAge Holding Corp.,773384064,"$773,384,064",Small Cap,Yahoo Finance
RPD,"Rapid7, Inc.",772673152,"$772,673,152",Small Cap,Yahoo Finance
SERV,Serve Robotics Inc.,769753600,"$769,753,600",Small Cap,Yahoo Finance
FOXF,Fox Factory Holding Corp.,768726912,"$768,726,912",Small Cap,Yahoo Finance
AEVA,"Aeva Technologies, Inc.",766619648,"$766,619,648",Small Cap,Yahoo Finance
EEMA,iShares MSCI Emerging Markets A,766384000,"$766,384,000",Small Cap,Yahoo Finance
APEI,"American Public Education, Inc.",764996736,"$764,996,736",Small Cap,Yahoo Finance
WOOF,Petco Health and Wellness Compa,764984064,"$764,984,064",Small Cap,Yahoo Finance
KE,"Kimball Electronics, Inc.",760151296,"$760,151,296",Small Cap,Yahoo Finance
NB,NioCorp Developments Ltd.,757502400,"$757,502,400",Small Cap,Yahoo Finance
QNST,"QuinStreet, Inc.",757066048,"$757,066,048",Small Cap,Yahoo Finance
ASPI,ASP Isotopes Inc.,755039552,"$755,039,552",Small Cap,Yahoo Finance
MDXG,"MiMedx Group, Inc",753840000,"$753,840,000",Small Cap,Yahoo Finance
IBCP,Independent Bank Corporation,751945536,"$751,945,536",Small Cap,Yahoo Finance
CGEM,"Cullinan Therapeutics, Inc.",750859264,"$750,859,264",Small Cap,Yahoo Finance
ADTN,"ADTRAN Holdings, Inc.",750686848,"$750,686,848",Small Cap,Yahoo Finance
CBLL,"CeriBell, Inc.",750074816,"$750,074,816",Small Cap,Yahoo Finance
WYFI,"WhiteFiber, Inc.",745687168,"$745,687,168",Small Cap,Yahoo Finance
SWIM,"Latham Group, Inc.",739597632,"$739,597,632",Small Cap,Yahoo Finance
TREE,"LendingTree, Inc.",734936576,"$734,936,576",Small Cap,Yahoo Finance
AMSF,"AMERISAFE, Inc.",731709824,"$731,709,824",Small Cap,Yahoo Finance
ORRF,"Orrstown Financial Services, In",730739968,"$730,739,968",Small Cap,Yahoo Finance
DGICB,"Donegal Group, Inc.",729250944,"$729,250,944",Small Cap,Yahoo Finance
CCCX,Churchill Capital Corp X,728700032,"$728,700,032",Small Cap,Yahoo Finance
LAES,SEALSQ Corp,726337216,"$726,337,216",Small Cap,Yahoo Finance
CCBG,Capital City Bank Group,725937152,"$725,937,152",Small Cap,Yahoo Finance
UDMY,"Udemy, Inc.",723101248,"$723,101,248",Small Cap,Yahoo Finance
IMSR,Terrestrial Energy Inc.,721223936,"$721,223,936",Small Cap,Yahoo Finance
REAX,"The Real Brokerage, Inc.",720120000,"$720,120,000",Small Cap,Yahoo Finance
KURA,"Kura Oncology, Inc.",719634944,"$719,634,944",Small Cap,Yahoo Finance
ADAM,"Adamas Trust, Inc.",718896064,"$718,896,064",Small Cap,Yahoo Finance
SMBC,"Southern Missouri Bancorp, Inc.",716477760,"$716,477,760",Small Cap,Yahoo Finance
SSII,SS Innovations International In,711345536,"$711,345,536",Small Cap,Yahoo Finance
SIBN,"SI-BONE, Inc.",710314880,"$710,314,880",Small Cap,Yahoo Finance
FULC,"Fulcrum Therapeutics, Inc.",707201536,"$707,201,536",Small Cap,Yahoo Finance
GDYN,"Grid Dynamics Holdings, Inc.",703035136,"$703,035,136",Small Cap,Yahoo Finance
FDUS,Fidus Investment Corporation,702686336,"$702,686,336",Small Cap,Yahoo Finance
TH,Target Hospitality Corp.,702447936,"$702,447,936",Small Cap,Yahoo Finance
GDEN,"Golden Entertainment, Inc.",702248000,"$702,248,000",Small Cap,Yahoo Finance
CBRL,Cracker Barrel Old Country Stor,699985792,"$699,985,792",Small Cap,Yahoo Finance
GSBC,"Great Southern Bancorp, Inc.",698321920,"$698,321,920",Small Cap,Yahoo Finance
ALTI,"AlTi Global, Inc.",698029952,"$698,029,952",Small Cap,Yahoo Finance
SPFI,"South Plains Financial, Inc.",697700864,"$697,700,864",Small Cap,Yahoo Finance
PLAY,"Dave & Buster's Entertainment, ",696379712,"$696,379,712",Small Cap,Yahoo Finance
ALT,"Altimmune, Inc.",695034944,"$695,034,944",Small Cap,Yahoo Finance
BLDP,"Ballard Power Systems, Inc.",694706304,"$694,706,304",Small Cap,Yahoo Finance
DGICA,"Donegal Group, Inc.",693991168,"$693,991,168",Small Cap,Yahoo Finance
FCBC,"First Community Bankshares, Inc",693788352,"$693,788,352",Small Cap,Yahoo Finance
LYTS,LSI Industries Inc.,693058240,"$693,058,240",Small Cap,Yahoo Finance
TALK,"Talkspace, Inc.",689964544,"$689,964,544",Small Cap,Yahoo Finance
PRME,"Prime Medicine, Inc.",685940480,"$685,940,480",Small Cap,Yahoo Finance
AIOT,"PowerFleet, Inc.",685182080,"$685,182,080",Small Cap,Yahoo Finance
FISI,"Financial Institutions, Inc.",683432128,"$683,432,128",Small Cap,Yahoo Finance
TBLD,Thornburg Income Builder Opport,681419200,"$681,419,200",Small Cap,Yahoo Finance
PURR,Hyperliquid Strategies Inc,679586752,"$679,586,752",Small Cap,Yahoo Finance
SLS,"SELLAS Life Sciences Group, Inc",676019648,"$676,019,648",Small Cap,Yahoo Finance
FIP,FTAI Infrastructure Inc.,674507904,"$674,507,904",Small Cap,Yahoo Finance
ECX,ECARX Holdings Inc.,674250176,"$674,250,176",Small Cap,Yahoo Finance
TIPT,Tiptree Inc.,674018944,"$674,018,944",Small Cap,Yahoo Finance
AOSL,Alpha and Omega Semiconductor L,672174016,"$672,174,016",Small Cap,Yahoo Finance
WASH,"Washington Trust Bancorp, Inc.",671174080,"$671,174,080",Small Cap,Yahoo Finance
CGNT,Cognyte Software Ltd.,670489664,"$670,489,664",Small Cap,Yahoo Finance
ENGN,enGene Holdings Inc.,669846592,"$669,846,592",Small Cap,Yahoo Finance
NWPX,"NWPX Infrastructure, Inc.",663704448,"$663,704,448",Small Cap,Yahoo Finance
HIFS,Hingham Institution for Savings,663382144,"$663,382,144",Small Cap,Yahoo Finance
AIP,"Arteris, Inc.",662682816,"$662,682,816",Small Cap,Yahoo Finance
ADSE,ADS-TEC ENERGY PLC,660145408,"$660,145,408",Small Cap,Yahoo Finance
CTKB,"Cytek Biosciences, Inc.",659782528,"$659,782,528",Small Cap,Yahoo Finance
SHEN,Shenandoah Telecommunications C,657130752,"$657,130,752",Small Cap,Yahoo Finance
TATT,TAT Technologies Ltd.,654395648,"$654,395,648",Small Cap,Yahoo Finance
DMII,Drugs Made In America Acquisiti,653782784,"$653,782,784",Small Cap,Yahoo Finance
RIGL,"Rigel Pharmaceuticals, Inc.",653629888,"$653,629,888",Small Cap,Yahoo Finance
UXIN,Uxin Limited,653556480,"$653,556,480",Small Cap,Yahoo Finance
SFIX,"Stitch Fix, Inc.",653549056,"$653,549,056",Small Cap,Yahoo Finance
HSTM,"HealthStream, Inc.",650622208,"$650,622,208",Small Cap,Yahoo Finance
SHBI,"Shore Bancshares, Inc.",649147584,"$649,147,584",Small Cap,Yahoo Finance
EMBC,Embecta Corp.,647779136,"$647,779,136",Small Cap,Yahoo Finance
TUR,iShares MSCI Turkey ETF,643840960,"$643,840,960",Small Cap,Yahoo Finance
CRMD,CorMedix Inc.,643706560,"$643,706,560",Small Cap,Yahoo Finance
SVA,"Sinovac Biotech, Ltd.",642436736,"$642,436,736",Small Cap,Yahoo Finance
TCMD,"Tactile Systems Technology, Inc",641701248,"$641,701,248",Small Cap,Yahoo Finance
STEX,Streamex Corp.,640213120,"$640,213,120",Small Cap,Yahoo Finance
ALRS,Alerus Financial Corporation,636681344,"$636,681,344",Small Cap,Yahoo Finance
CMPS,COMPASS Pathways Plc - American,634672640,"$634,672,640",Small Cap,Yahoo Finance
MBUU,"Malibu Boats, Inc.",631813632,"$631,813,632",Small Cap,Yahoo Finance
CCD,Calamos Dynamic Convertible & I,631744704,"$631,744,704",Small Cap,Yahoo Finance
ARKO,ARKO Corp.,631357120,"$631,357,120",Small Cap,Yahoo Finance
MGTX,MeiraGTx Holdings plc,630243648,"$630,243,648",Small Cap,Yahoo Finance
BTBT,"Bit Digital, Inc.",627929152,"$627,929,152",Small Cap,Yahoo Finance
RDVT,"Red Violet, Inc.",627460672,"$627,460,672",Small Cap,Yahoo Finance
MAMA,"Mama's Creations, Inc.",627280960,"$627,280,960",Small Cap,Yahoo Finance
UROY,Uranium Royalty Corp.,626737792,"$626,737,792",Small Cap,Yahoo Finance
TDUP,ThredUp Inc.,625709504,"$625,709,504",Small Cap,Yahoo Finance
WSHP,WeShop Holdings Limited,623790016,"$623,790,016",Small Cap,Yahoo Finance
PACB,Pacific Biosciences of Californ,621929280,"$621,929,280",Small Cap,Yahoo Finance
WRLD,World Acceptance Corporation,620691072,"$620,691,072",Small Cap,Yahoo Finance
PROK,ProKidney Corp.,613702080,"$613,702,080",Small Cap,Yahoo Finance
HIVE,HIVE Digital Technologies Ltd,613022080,"$613,022,080",Small Cap,Yahoo Finance
KRNT,Kornit Digital Ltd.,612816256,"$612,816,256",Small Cap,Yahoo Finance
ONEQ,Fidelity Nasdaq Composite Index,612480000,"$612,480,000",Small Cap,Yahoo Finance
CWCO,Consolidated Water Co. Ltd.,610966720,"$610,966,720",Small Cap,Yahoo Finance
CASS,"Cass Information Systems, Inc",606979712,"$606,979,712",Small Cap,Yahoo Finance
CMCO,Columbus McKinnon Corporation,606166272,"$606,166,272",Small Cap,Yahoo Finance
NTGR,"NETGEAR, Inc.",605408576,"$605,408,576",Small Cap,Yahoo Finance
BBNX,"Beta Bionics, Inc.",603137472,"$603,137,472",Small Cap,Yahoo Finance
BWMN,Bowman Consulting Group Ltd.,600762816,"$600,762,816",Small Cap,Yahoo Finance
CEPF,"Cantor Equity Partners IV, Inc.",598360512,"$598,360,512",Small Cap,Yahoo Finance
GOGO,Gogo Inc.,595651776,"$595,651,776",Small Cap,Yahoo Finance
AVR,Anteris Technologies Global Cor,595625920,"$595,625,920",Small Cap,Yahoo Finance
BCAL,California BanCorp,593901056,"$593,901,056",Small Cap,Yahoo Finance
VREX,Varex Imaging Corporation,593579136,"$593,579,136",Small Cap,Yahoo Finance
DRTS,Alpha Tau Medical Ltd.,593438464,"$593,438,464",Small Cap,Yahoo Finance
DSGN,"Design Therapeutics, Inc.",592992704,"$592,992,704",Small Cap,Yahoo Finance
BGM,BGM Group Ltd.,589832704,"$589,832,704",Small Cap,Yahoo Finance
TRNS,"Transcat, Inc.",588249664,"$588,249,664",Small Cap,Yahoo Finance
HPK,"HighPeak Energy, Inc.",587776448,"$587,776,448",Small Cap,Yahoo Finance
GRPN,"Groupon, Inc.",587276736,"$587,276,736",Small Cap,Yahoo Finance
LBRX,LB Pharmaceuticals Inc,579602432,"$579,602,432",Small Cap,Yahoo Finance
PGC,Peapack-Gladstone Financial Cor,579590208,"$579,590,208",Small Cap,Yahoo Finance
NFBK,"Northfield Bancorp, Inc.",576567168,"$576,567,168",Small Cap,Yahoo Finance
RRBI,"Red River Bancshares, Inc.",574729920,"$574,729,920",Small Cap,Yahoo Finance
PANL,Pangaea Logistics Solutions Ltd,574128832,"$574,128,832",Small Cap,Yahoo Finance
GOSS,"Gossamer Bio, Inc.",574011456,"$574,011,456",Small Cap,Yahoo Finance
CEVA,"CEVA, Inc.",569535296,"$569,535,296",Small Cap,Yahoo Finance
AROW,Arrow Financial Corporation,569502208,"$569,502,208",Small Cap,Yahoo Finance
GOOD,Gladstone Commercial Corporatio,566885568,"$566,885,568",Small Cap,Yahoo Finance
DCBO,Docebo Inc.,565489216,"$565,489,216",Small Cap,Yahoo Finance
ANGI,Angi Inc.,565362560,"$565,362,560",Small Cap,Yahoo Finance
APPS,"Digital Turbine, Inc.",565230400,"$565,230,400",Small Cap,Yahoo Finance
ZEUS,"Olympic Steel, Inc.",562408192,"$562,408,192",Small Cap,Yahoo Finance
SOHU,Sohu.com Limited,562158144,"$562,158,144",Small Cap,Yahoo Finance
KROS,"Keros Therapeutics, Inc.",560575616,"$560,575,616",Small Cap,Yahoo Finance
LPTH,"LightPath Technologies, Inc.",559860736,"$559,860,736",Small Cap,Yahoo Finance
MNRO,"Monro, Inc.",559266240,"$559,266,240",Small Cap,Yahoo Finance
LXEO,"Lexeo Therapeutics, Inc.",557623168,"$557,623,168",Small Cap,Yahoo Finance
UNTY,"Unity Bancorp, Inc.",557390016,"$557,390,016",Small Cap,Yahoo Finance
STKL,"SunOpta, Inc.",555803712,"$555,803,712",Small Cap,Yahoo Finance
PFM,Invesco Dividend Achievers ETF,553744896,"$553,744,896",Small Cap,Yahoo Finance
CLMB,"Climb Global Solutions, Inc.",551122368,"$551,122,368",Small Cap,Yahoo Finance
LE,"Lands' End, Inc.",550224768,"$550,224,768",Small Cap,Yahoo Finance
BVS,Bioventus Inc.,549876864,"$549,876,864",Small Cap,Yahoo Finance
GAIN,Gladstone Investment Corporatio,549103360,"$549,103,360",Small Cap,Yahoo Finance
SHMD,SCHMID Group N.V.,548801280,"$548,801,280",Small Cap,Yahoo Finance
VLGEA,"Village Super Market, Inc.",548238976,"$548,238,976",Small Cap,Yahoo Finance
CRSR,"Corsair Gaming, Inc.",547796544,"$547,796,544",Small Cap,Yahoo Finance
ACIC,American Coastal Insurance Corp,547146752,"$547,146,752",Small Cap,Yahoo Finance
REPL,"Replimune Group, Inc.",547142272,"$547,142,272",Small Cap,Yahoo Finance
RGNX,REGENXBIO Inc.,545716864,"$545,716,864",Small Cap,Yahoo Finance
FFIC,Flushing Financial Corporation,545521792,"$545,521,792",Small Cap,Yahoo Finance
BWB,"Bridgewater Bancshares, Inc.",544928192,"$544,928,192",Small Cap,Yahoo Finance
LAB,Standard BioTools Inc.,542237184,"$542,237,184",Small Cap,Yahoo Finance
NRIM,Northrim BanCorp Inc,541292864,"$541,292,864",Small Cap,Yahoo Finance
EU,enCore Energy Corp.,541246272,"$541,246,272",Small Cap,Yahoo Finance
PFIS,Peoples Financial Services Corp,538408832,"$538,408,832",Small Cap,Yahoo Finance
ORGO,Organogenesis Holdings Inc.,536838368,"$536,838,368",Small Cap,Yahoo Finance
ACNB,ACNB Corporation,534713984,"$534,713,984",Small Cap,Yahoo Finance
MGPI,"MGP Ingredients, Inc.",534487328,"$534,487,328",Small Cap,Yahoo Finance
DNUT,"Krispy Kreme, Inc.",534455968,"$534,455,968",Small Cap,Yahoo Finance
OFIX,Orthofix Medical Inc.,532615424,"$532,615,424",Small Cap,Yahoo Finance
OWLS,OBOOK Holdings Inc.,532033568,"$532,033,568",Small Cap,Yahoo Finance
SCVL,"Shoe Carnival, Inc.",531621888,"$531,621,888",Small Cap,Yahoo Finance
AXG,Solowin Holdings,531165536,"$531,165,536",Small Cap,Yahoo Finance
VOR,Vor Biopharma Inc.,531038752,"$531,038,752",Small Cap,Yahoo Finance
BMBL,Bumble Inc.,530888608,"$530,888,608",Small Cap,Yahoo Finance
NPCE,"Neuropace, Inc.",529926048,"$529,926,048",Small Cap,Yahoo Finance
CCAP,"Crescent Capital BDC, Inc.",528623168,"$528,623,168",Small Cap,Yahoo Finance
ELVA,Electrovaya Inc.,527045408,"$527,045,408",Small Cap,Yahoo Finance
ZVRA,"Zevra Therapeutics, Inc.",526944928,"$526,944,928",Small Cap,Yahoo Finance
LYEL,"Lyell Immunopharma, Inc.",526212736,"$526,212,736",Small Cap,Yahoo Finance
SATL,Satellogic Inc.,525749600,"$525,749,600",Small Cap,Yahoo Finance
CTNM,"Contineum Therapeutics, Inc.",525293472,"$525,293,472",Small Cap,Yahoo Finance
SABR,Sabre Corporation,525196928,"$525,196,928",Small Cap,Yahoo Finance
CBNK,"Capital Bancorp, Inc.",523876576,"$523,876,576",Small Cap,Yahoo Finance
FDMT,"4D Molecular Therapeutics, Inc.",522785920,"$522,785,920",Small Cap,Yahoo Finance
FEIM,"Frequency Electronics, Inc.",521930816,"$521,930,816",Small Cap,Yahoo Finance
ATEX,Anterix Inc.,514407296,"$514,407,296",Small Cap,Yahoo Finance
SPT,"Sprout Social, Inc",513763552,"$513,763,552",Small Cap,Yahoo Finance
IBEX,IBEX Limited,512022048,"$512,022,048",Small Cap,Yahoo Finance
CHW,Calamos Global Dynamic Income F,511553760,"$511,553,760",Small Cap,Yahoo Finance
CIVB,"Civista Bancshares, Inc.",510800256,"$510,800,256",Small Cap,Yahoo Finance
LENZ,"LENZ Therapeutics, Inc.",510026464,"$510,026,464",Small Cap,Yahoo Finance
MYGN,"Myriad Genetics, Inc.",509879040,"$509,879,040",Small Cap,Yahoo Finance
BLMN,"Bloomin' Brands, Inc.",508745984,"$508,745,984",Small Cap,Yahoo Finance
HCKT,"The Hackett Group, Inc.",507346272,"$507,346,272",Small Cap,Yahoo Finance
KRNY,Kearny Financial,507058432,"$507,058,432",Small Cap,Yahoo Finance
ABAT,American Battery Technology Com,506882848,"$506,882,848",Small Cap,Yahoo Finance
NRC,National Research Corporation,505090976,"$505,090,976",Small Cap,Yahoo Finance
SBC,SBC Medical Group Holdings Inco,504678560,"$504,678,560",Small Cap,Yahoo Finance
MCTA,Charming Medical Limited,504260192,"$504,260,192",Small Cap,Yahoo Finance
PRAA,"PRA Group, Inc.",502878464,"$502,878,464",Small Cap,Yahoo Finance
KRT,Karat Packaging Inc.,502688608,"$502,688,608",Small Cap,Yahoo Finance
VBNK,VersaBank,501544896,"$501,544,896",Small Cap,Yahoo Finance
MSBI,"Midland States Bancorp, Inc.",501077536,"$501,077,536",Small Cap,Yahoo Finance
SLDB,Solid Biosciences Inc.,500962816,"$500,962,816",Small Cap,Yahoo Finance
BSRR,Sierra Bancorp,500603680,"$500,603,680",Small Cap,Yahoo Finance
ITIC,Investors Title Company,500282624,"$500,282,624",Small Cap,Yahoo Finance
AQST,"Aquestive Therapeutics, Inc.",500212736,"$500,212,736",Small Cap,Yahoo Finance
GRVY,"GRAVITY Co., Ltd.",500112352,"$500,112,352",Small Cap,Yahoo Finance
SIGA,SIGA Technologies Inc.,497698560,"$497,698,560",Small Cap,Yahoo Finance
FWDI,"Forward Industries, Inc.",497141920,"$497,141,920",Small Cap,Yahoo Finance
IHRT,"iHeartMedia, Inc.",497024704,"$497,024,704",Small Cap,Yahoo Finance
KYTX,"Kyverna Therapeutics, Inc.",496523008,"$496,523,008",Small Cap,Yahoo Finance
LEGH,Legacy Housing Corporation,495514784,"$495,514,784",Small Cap,Yahoo Finance
JOUT,Johnson Outdoors Inc.,495056640,"$495,056,640",Small Cap,Yahoo Finance
SWBI,"Smith & Wesson Brands, Inc.",494770432,"$494,770,432",Small Cap,Yahoo Finance
AIRTP,"Air T, Inc. - Trust Preferred S",491899424,"$491,899,424",Small Cap,Yahoo Finance
CRNC,Cerence Inc.,490674720,"$490,674,720",Small Cap,Yahoo Finance
IVVD,"Invivyd, Inc.",490657440,"$490,657,440",Small Cap,Yahoo Finance
FMNB,Farmers National Banc Corp.,490244480,"$490,244,480",Small Cap,Yahoo Finance
FBIZ,First Business Financial Servic,489865120,"$489,865,120",Small Cap,Yahoo Finance
RBBN,Ribbon Communications Inc.,488745920,"$488,745,920",Small Cap,Yahoo Finance
RSVR,"Reservoir Media, Inc..",486664640,"$486,664,640",Small Cap,Yahoo Finance
KELYB,"Kelly Services, Inc.",486264768,"$486,264,768",Small Cap,Yahoo Finance
NAGE,"Niagen Bioscience, Inc.",486019392,"$486,019,392",Small Cap,Yahoo Finance
LTBR,Lightbridge Corporation,484922624,"$484,922,624",Small Cap,Yahoo Finance
CARE,"Carter Bankshares, Inc.",482601920,"$482,601,920",Small Cap,Yahoo Finance
CLNE,Clean Energy Fuels Corp.,482462208,"$482,462,208",Small Cap,Yahoo Finance
YORW,The York Water Company,482262656,"$482,262,656",Small Cap,Yahoo Finance
TROO,"TROOPS, Inc.",482194240,"$482,194,240",Small Cap,Yahoo Finance
CYRX,"CryoPort, Inc.",481662848,"$481,662,848",Small Cap,Yahoo Finance
PRTH,"Priority Technology Holdings, I",481404832,"$481,404,832",Small Cap,Yahoo Finance
GLRE,"Greenlight Reinsurance, Ltd.",480142048,"$480,142,048",Small Cap,Yahoo Finance
PRTA,Prothena Corporation plc,479625152,"$479,625,152",Small Cap,Yahoo Finance
ALLT,Allot Ltd.,479413568,"$479,413,568",Small Cap,Yahoo Finance
LWLG,"Lightwave Logic, Inc.",478466752,"$478,466,752",Small Cap,Yahoo Finance
HBCP,"Home Bancorp, Inc.",477946784,"$477,946,784",Small Cap,Yahoo Finance
WEST,Westrock Coffee Company,477346784,"$477,346,784",Small Cap,Yahoo Finance
CWBC,Community West Bancshares,476020160,"$476,020,160",Small Cap,Yahoo Finance
KMDA,Kamada Ltd.,475294880,"$475,294,880",Small Cap,Yahoo Finance
GBFH,GBank Financial Holdings Inc.,474268000,"$474,268,000",Small Cap,Yahoo Finance
GIW,GigCapital8 Corp.,471446304,"$471,446,304",Small Cap,Yahoo Finance
MITK,"Mitek Systems, Inc.",471146240,"$471,146,240",Small Cap,Yahoo Finance
LX,LexinFintech Holdings Ltd.,471137792,"$471,137,792",Small Cap,Yahoo Finance
VSTM,"Verastem, Inc.",470748736,"$470,748,736",Small Cap,Yahoo Finance
GLOO,"Gloo Holdings, Inc.",468976704,"$468,976,704",Small Cap,Yahoo Finance
OCGN,"Ocugen, Inc.",468067776,"$468,067,776",Small Cap,Yahoo Finance
CRAN,Crane Harbor Acquisition Corp. ,467593024,"$467,593,024",Small Cap,Yahoo Finance
NATR,"Nature's Sunshine Products, Inc",466284000,"$466,284,000",Small Cap,Yahoo Finance
ANSC,Agriculture & Natural Solutions,466160032,"$466,160,032",Small Cap,Yahoo Finance
GTEN,"Gores Holdings X, Inc.",464723264,"$464,723,264",Small Cap,Yahoo Finance
SFST,"Southern First Bancshares, Inc.",463459584,"$463,459,584",Small Cap,Yahoo Finance
GEVO,"Gevo, Inc.",462809792,"$462,809,792",Small Cap,Yahoo Finance
BWAY,Brainsway Ltd.,462281056,"$462,281,056",Small Cap,Yahoo Finance
DHIL,"Diamond Hill Investment Group, ",462140128,"$462,140,128",Small Cap,Yahoo Finance
IMXI,"International Money Express, In",460937536,"$460,937,536",Small Cap,Yahoo Finance
APXT,Apex Treasury Corporation,458221216,"$458,221,216",Small Cap,Yahoo Finance
GLAD,Gladstone Capital Corporation,458187488,"$458,187,488",Small Cap,Yahoo Finance
VNDA,Vanda Pharmaceuticals Inc.,457407904,"$457,407,904",Small Cap,Yahoo Finance
FRPH,"FRP Holdings, Inc.",457243296,"$457,243,296",Small Cap,Yahoo Finance
OSPN,OneSpan Inc.,456829536,"$456,829,536",Small Cap,Yahoo Finance
KOPN,Kopin Corporation,456771552,"$456,771,552",Small Cap,Yahoo Finance
ULH,"Universal Logistics Holdings, I",455509984,"$455,509,984",Small Cap,Yahoo Finance
FUFU,BitFuFu Inc.,454496704,"$454,496,704",Small Cap,Yahoo Finance
LXRX,"Lexicon Pharmaceuticals, Inc.",454332832,"$454,332,832",Small Cap,Yahoo Finance
ABSI,Absci Corporation,454122048,"$454,122,048",Small Cap,Yahoo Finance
CVGW,"Calavo Growers, Inc.",453465440,"$453,465,440",Small Cap,Yahoo Finance
TRDA,"Entrada Therapeutics, Inc.",452897920,"$452,897,920",Small Cap,Yahoo Finance
PRTC,PureTech Health plc,451707488,"$451,707,488",Small Cap,Yahoo Finance
CDZI,"Cadiz, Inc.",450865632,"$450,865,632",Small Cap,Yahoo Finance
SUPX,SuperX AI Technology Limited,450224000,"$450,224,000",Small Cap,Yahoo Finance
BCYC,Bicycle Therapeutics plc,450197632,"$450,197,632",Small Cap,Yahoo Finance
BACQ,Inflection Point Acquisition Co,449826336,"$449,826,336",Small Cap,Yahoo Finance
BTQ,BTQ Technologies Corp.,449483264,"$449,483,264",Small Cap,Yahoo Finance
CERS,Cerus Corporation,445643008,"$445,643,008",Small Cap,Yahoo Finance
COFS,"ChoiceOne Financial Services, I",445453664,"$445,453,664",Small Cap,Yahoo Finance
MLAB,"Mesa Laboratories, Inc.",444545056,"$444,545,056",Small Cap,Yahoo Finance
ASTL,Algoma Steel Group Inc.,443869984,"$443,869,984",Small Cap,Yahoo Finance
CD,Chaince Digital Holdings Inc. -,442967488,"$442,967,488",Small Cap,Yahoo Finance
GLSI,"Greenwich LifeSciences, Inc.",442929600,"$442,929,600",Small Cap,Yahoo Finance
KBON,Karbon Capital Partners Corp.,442790912,"$442,790,912",Small Cap,Yahoo Finance
BMRC,Bank of Marin Bancorp,441374656,"$441,374,656",Small Cap,Yahoo Finance
CGC,Canopy Growth Corporation,440495264,"$440,495,264",Small Cap,Yahoo Finance
OXLCO,Oxford Lane Capital Corp. - Pre,438530592,"$438,530,592",Small Cap,Yahoo Finance
MNPR,Monopar Therapeutics Inc.,437575616,"$437,575,616",Small Cap,Yahoo Finance
MBVI,M3-Brigade Acquisition VI Corp.,437287520,"$437,287,520",Small Cap,Yahoo Finance
DDI,"DoubleDown Interactive Co., Ltd",436565824,"$436,565,824",Small Cap,Yahoo Finance
KIDS,OrthoPediatrics Corp.,433587072,"$433,587,072",Small Cap,Yahoo Finance
ADUR,Aduro Clean Technologies Inc.,433319264,"$433,319,264",Small Cap,Yahoo Finance
TCPC,BlackRock TCP Capital Corp.,432689280,"$432,689,280",Small Cap,Yahoo Finance
WTBA,West Bancorporation,432667648,"$432,667,648",Small Cap,Yahoo Finance
FBRX,"Forte Biosciences, Inc.",432054016,"$432,054,016",Small Cap,Yahoo Finance
BAND,Bandwidth Inc.,430049056,"$430,049,056",Small Cap,Yahoo Finance
ANGO,"AngioDynamics, Inc.",429485152,"$429,485,152",Small Cap,Yahoo Finance
BSVN,Bank7 Corp.,428942208,"$428,942,208",Small Cap,Yahoo Finance
TLNC,Talon Capital Corp.,428709088,"$428,709,088",Small Cap,Yahoo Finance
MESH,MESHFLOW ACQUISITION CORP,426937472,"$426,937,472",Small Cap,Yahoo Finance
BNTC,Benitec Biopharma Inc.,426816160,"$426,816,160",Small Cap,Yahoo Finance
DMAC,DiaMedica Therapeutics Inc.,425993472,"$425,993,472",Small Cap,Yahoo Finance
OBT,"Orange County Bancorp, Inc.",425730688,"$425,730,688",Small Cap,Yahoo Finance
BNR,Burning Rock Biotech Limited,425603520,"$425,603,520",Small Cap,Yahoo Finance
ZUMZ,Zumiez Inc.,424078464,"$424,078,464",Small Cap,Yahoo Finance
CCSI,"Consensus Cloud Solutions, Inc.",423258656,"$423,258,656",Small Cap,Yahoo Finance
WILC,"G. Willi-Food International,  L",422713376,"$422,713,376",Small Cap,Yahoo Finance
BETR,Better Home & Finance Holding C,421768672,"$421,768,672",Small Cap,Yahoo Finance
TECX,"Tectonic Therapeutic, Inc.",421490624,"$421,490,624",Small Cap,Yahoo Finance
IMMP,Immutep Limited,420969184,"$420,969,184",Small Cap,Yahoo Finance
ALLO,"Allogene Therapeutics, Inc.",420245376,"$420,245,376",Small Cap,Yahoo Finance
BCAR,D. Boral ARC Acquisition I Corp,419416000,"$419,416,000",Small Cap,Yahoo Finance
CLFD,"Clearfield, Inc.",419140160,"$419,140,160",Small Cap,Yahoo Finance
CAN,Canaan Inc.,417390624,"$417,390,624",Small Cap,Yahoo Finance
FRBA,First Bank,417161312,"$417,161,312",Small Cap,Yahoo Finance
ASMB,"Assembly Biosciences, Inc.",417097984,"$417,097,984",Small Cap,Yahoo Finance
NATH,"Nathan's Famous, Inc.",416564768,"$416,564,768",Small Cap,Yahoo Finance
HELE,Helen of Troy Limited,411606336,"$411,606,336",Small Cap,Yahoo Finance
NNDM,Nano Dimension Ltd.,410521056,"$410,521,056",Small Cap,Yahoo Finance
GBLI,"Global Indemnity Group, LLC",410094784,"$410,094,784",Small Cap,Yahoo Finance
OPAL,OPAL Fuels Inc.,409212704,"$409,212,704",Small Cap,Yahoo Finance
RTAC,Renatus Tactical Acquisition Co,409210016,"$409,210,016",Small Cap,Yahoo Finance
KFII,K&F Growth Acquisition Corp. II,409048160,"$409,048,160",Small Cap,Yahoo Finance
TLS,Telos Corporation,407861440,"$407,861,440",Small Cap,Yahoo Finance
SRTA,"Strata Critical Medical, Inc.",407649984,"$407,649,984",Small Cap,Yahoo Finance
BRBI,BRBI BR Partners S.A.,406858368,"$406,858,368",Small Cap,Yahoo Finance
ETON,"Eton Pharmaceuticals, Inc.",406822016,"$406,822,016",Small Cap,Yahoo Finance
GCBC,"Greene County Bancorp, Inc.",406600640,"$406,600,640",Small Cap,Yahoo Finance
PTLO,Portillo's Inc.,406417568,"$406,417,568",Small Cap,Yahoo Finance
ISTR,Investar Holding Corporation,404926080,"$404,926,080",Small Cap,Yahoo Finance
CZNC,Citizens & Northern Corp,404592192,"$404,592,192",Small Cap,Yahoo Finance
XRPN,Armada Acquisition Corp. II,404172800,"$404,172,800",Small Cap,Yahoo Finance
AVXL,Anavex Life Sciences Corp.,403853440,"$403,853,440",Small Cap,Yahoo Finance
EPRX,Eupraxia Pharmaceuticals Inc.,403747744,"$403,747,744",Small Cap,Yahoo Finance
LAND,Gladstone Land Corporation,401736448,"$401,736,448",Small Cap,Yahoo Finance
JACK,Jack In The Box Inc.,401166272,"$401,166,272",Small Cap,Yahoo Finance
MTRX,Matrix Service Company,399368288,"$399,368,288",Small Cap,Yahoo Finance
CRAQ,Cal Redwood Acquisition Corp.,396546624,"$396,546,624",Small Cap,Yahoo Finance
NPAC,New Providence Acquisition Corp,396193280,"$396,193,280",Small Cap,Yahoo Finance
ESEA,Euroseas Ltd.,396013728,"$396,013,728",Small Cap,Yahoo Finance
NBP,NovaBridge Biosciences,395448256,"$395,448,256",Small Cap,Yahoo Finance
KELYA,"Kelly Services, Inc.",395443488,"$395,443,488",Small Cap,Yahoo Finance
LSAK,"Lesaka Technologies, Inc.",395206048,"$395,206,048",Small Cap,Yahoo Finance
TITN,Titan Machinery Inc.,394535808,"$394,535,808",Small Cap,Yahoo Finance
SNDL,SNDL Inc.,393975008,"$393,975,008",Small Cap,Yahoo Finance
CLPT,ClearPoint Neuro Inc.,393867584,"$393,867,584",Small Cap,Yahoo Finance
ACTG,Acacia Research Corporation,392593760,"$392,593,760",Small Cap,Yahoo Finance
CCIX,Churchill Capital Corp IX,391188864,"$391,188,864",Small Cap,Yahoo Finance
ACRS,"Aclaris Therapeutics, Inc.",391126304,"$391,126,304",Small Cap,Yahoo Finance
CLLS,Cellectis S.A.,390172896,"$390,172,896",Small Cap,Yahoo Finance
PDLB,"Ponce Financial Group, Inc.",388735488,"$388,735,488",Small Cap,Yahoo Finance
NEWT,"NewtekOne, Inc.",388245248,"$388,245,248",Small Cap,Yahoo Finance
PCAP,ProCap Acquisition Corp,387265312,"$387,265,312",Small Cap,Yahoo Finance
BWFG,"Bankwell Financial Group, Inc.",386702208,"$386,702,208",Small Cap,Yahoo Finance
XNET,Xunlei Limited,386612992,"$386,612,992",Small Cap,Yahoo Finance
GPAT,GP-Act III Acquisition Corp.,386328128,"$386,328,128",Small Cap,Yahoo Finance
RDAG,Republic Digital Acquisition Co,385875008,"$385,875,008",Small Cap,Yahoo Finance
API,"Agora, Inc.",385581248,"$385,581,248",Small Cap,Yahoo Finance
ALF,Centurion Acquisition Corp.,384890624,"$384,890,624",Small Cap,Yahoo Finance
MBAV,M3-Brigade Acquisition V Corp.,383812512,"$383,812,512",Small Cap,Yahoo Finance
ENTA,"Enanta Pharmaceuticals, Inc.",382754304,"$382,754,304",Small Cap,Yahoo Finance
TACO,Berto Acquisition Corp.,382691264,"$382,691,264",Small Cap,Yahoo Finance
BBCQ,Bleichroeder Acquisition Corp. ,381416640,"$381,416,640",Small Cap,Yahoo Finance
WENN,Wen Acquisition Corp,381190528,"$381,190,528",Small Cap,Yahoo Finance
FMAO,"Farmers & Merchants Bancorp, In",380735968,"$380,735,968",Small Cap,Yahoo Finance
TWFG,"TWFG, Inc.",380225632,"$380,225,632",Small Cap,Yahoo Finance
PHOE,Phoenix Asia Holdings Limited,380160000,"$380,160,000",Small Cap,Yahoo Finance
TTGT,"TechTarget, Inc.",379550592,"$379,550,592",Small Cap,Yahoo Finance
VFF,"Village Farms International, In",377743104,"$377,743,104",Small Cap,Yahoo Finance
CEPT,"Cantor Equity Partners II, Inc.",377357216,"$377,357,216",Small Cap,Yahoo Finance
TARA,"Protara Therapeutics, Inc.",377254304,"$377,254,304",Small Cap,Yahoo Finance
RCKT,"Rocket Pharmaceuticals, Inc.",376613344,"$376,613,344",Small Cap,Yahoo Finance
ATNI,"ATN International, Inc.",376094720,"$376,094,720",Small Cap,Yahoo Finance
ZURA,Zura Bio Limited,375184480,"$375,184,480",Small Cap,Yahoo Finance
MVBF,MVB Financial Corp.,374026624,"$374,026,624",Small Cap,Yahoo Finance
AURA,"Aura Biosciences, Inc.",373399232,"$373,399,232",Small Cap,Yahoo Finance
NFE,New Fortress Energy Inc.,372764160,"$372,764,160",Small Cap,Yahoo Finance
ADV,Advantage Solutions Inc.,371949952,"$371,949,952",Small Cap,Yahoo Finance
DVLT,Datavault AI Inc.,371924736,"$371,924,736",Small Cap,Yahoo Finance
OTLY,Oatly Group AB,370591744,"$370,591,744",Small Cap,Yahoo Finance
CBK,"Commercial Bancgroup, Inc.",369023776,"$369,023,776",Small Cap,Yahoo Finance
CTRN,"Citi Trends, Inc.",368526688,"$368,526,688",Small Cap,Yahoo Finance
TRON,Tron Inc.,367672000,"$367,672,000",Small Cap,Yahoo Finance
AUTL,Autolus Therapeutics plc,367277728,"$367,277,728",Small Cap,Yahoo Finance
AKBA,"Akebia Therapeutics, Inc.",366205088,"$366,205,088",Small Cap,Yahoo Finance
ISBA,Isabella Bank Corporation,366008416,"$366,008,416",Small Cap,Yahoo Finance
RBB,RBB Bancorp,364004832,"$364,004,832",Small Cap,Yahoo Finance
CDRO,"Codere Online Luxembourg, S.A.",363757280,"$363,757,280",Small Cap,Yahoo Finance
RXST,"RxSight, Inc.",363059936,"$363,059,936",Small Cap,Yahoo Finance
SOPH,SOPHiA GENETICS SA,362981728,"$362,981,728",Small Cap,Yahoo Finance
VOXR,Vox Royalty Corp.,362873376,"$362,873,376",Small Cap,Yahoo Finance
PERI,Perion Network Ltd,361598848,"$361,598,848",Small Cap,Yahoo Finance
PLBC,Plumas Bancorp,361589632,"$361,589,632",Small Cap,Yahoo Finance
PBFS,"Pioneer Bancorp, Inc.",360126560,"$360,126,560",Small Cap,Yahoo Finance
CAEP,"Cantor Equity Partners III, Inc",359569984,"$359,569,984",Small Cap,Yahoo Finance
OFLX,"Omega Flex, Inc.",358651264,"$358,651,264",Small Cap,Yahoo Finance
MCFT,"MasterCraft Boat Holdings, Inc.",358625632,"$358,625,632",Small Cap,Yahoo Finance
SDHI,Siddhi Acquisition Corp,357786272,"$357,786,272",Small Cap,Yahoo Finance
CCII,Cohen Circle Acquisition Corp. ,357688320,"$357,688,320",Small Cap,Yahoo Finance
ASLE,AerSale Corporation,357190560,"$357,190,560",Small Cap,Yahoo Finance
TACH,Titan Acquisition Corp.,355695008,"$355,695,008",Small Cap,Yahoo Finance
ILPT,Industrial Logistics Properties,355293728,"$355,293,728",Small Cap,Yahoo Finance
CGCT,Cartesian Growth Corporation II,355004992,"$355,004,992",Small Cap,Yahoo Finance
JFIN,Jiayin Group Inc.,353840096,"$353,840,096",Small Cap,Yahoo Finance
GIG,GigCapital7 Corp.,352833312,"$352,833,312",Small Cap,Yahoo Finance
DCTH,"Delcath Systems, Inc.",352430912,"$352,430,912",Small Cap,Yahoo Finance
USCB,"USCB Financial Holdings, Inc.",352419104,"$352,419,104",Small Cap,Yahoo Finance
NEXN,Nexxen International Ltd.,352408960,"$352,408,960",Small Cap,Yahoo Finance
VALU,"Value Line, Inc.",352401920,"$352,401,920",Small Cap,Yahoo Finance
PPHC,"Public Policy Holding Company, ",351547200,"$351,547,200",Small Cap,Yahoo Finance
BDCI,BTC Development Corp.,351288800,"$351,288,800",Small Cap,Yahoo Finance
FCEL,"FuelCell Energy, Inc.",350864992,"$350,864,992",Small Cap,Yahoo Finance
AMCX,AMC Networks Inc.,350825760,"$350,825,760",Small Cap,Yahoo Finance
KCHV,Kochav Defense Acquisition Corp,350110464,"$350,110,464",Small Cap,Yahoo Finance
DMAA,Drugs Made In America Acquisiti,349918976,"$349,918,976",Small Cap,Yahoo Finance
IPCX,Inflection Point Acquisition Co,349904352,"$349,904,352",Small Cap,Yahoo Finance
PEPG,PepGen Inc.,349240960,"$349,240,960",Small Cap,Yahoo Finance
BMM,Blue Moon Metals Inc.,348442144,"$348,442,144",Small Cap,Yahoo Finance
FRST,Primis Financial Corp.,348204928,"$348,204,928",Small Cap,Yahoo Finance
XFOR,"X4 Pharmaceuticals, Inc.",347998016,"$347,998,016",Small Cap,Yahoo Finance
OTGA,OTG Acquisition Corp. I,347839360,"$347,839,360",Small Cap,Yahoo Finance
BLZR,Trailblazer Acquisition Corp.,347531232,"$347,531,232",Small Cap,Yahoo Finance
STRT,STRATTEC SECURITY CORPORATION,347210080,"$347,210,080",Small Cap,Yahoo Finance
MTLS,Materialise NV,346565440,"$346,565,440",Small Cap,Yahoo Finance
ISSC,Innovative Solutions and Suppor,346322144,"$346,322,144",Small Cap,Yahoo Finance
WSBF,"Waterstone Financial, Inc.",346251808,"$346,251,808",Small Cap,Yahoo Finance
OYSE,Oyster Enterprises II Acquisiti,345925376,"$345,925,376",Small Cap,Yahoo Finance
NCMI,"National CineMedia, Inc.",345298720,"$345,298,720",Small Cap,Yahoo Finance
HCMA,HCM III Acquisition Corp.,343742624,"$343,742,624",Small Cap,Yahoo Finance
PBYI,Puma Biotechnology Inc,343667360,"$343,667,360",Small Cap,Yahoo Finance
AXIN,Axiom Intelligence Acquisition ,343405344,"$343,405,344",Small Cap,Yahoo Finance
HELP,Cybin Inc.,342772672,"$342,772,672",Small Cap,Yahoo Finance
FHTX,Foghorn Therapeutics Inc.,342702368,"$342,702,368",Small Cap,Yahoo Finance
TOYO,"TOYO Co., Ltd",342610144,"$342,610,144",Small Cap,Yahoo Finance
DSAC,Daedalus Special Acquisition Co,342413792,"$342,413,792",Small Cap,Yahoo Finance
PKOH,Park-Ohio Holdings Corp.,342099904,"$342,099,904",Small Cap,Yahoo Finance
ARTNA,Artesian Resources Corporation,342074976,"$342,074,976",Small Cap,Yahoo Finance
ANL,Adlai Nortye Ltd.,342065504,"$342,065,504",Small Cap,Yahoo Finance
SGHT,"Sight Sciences, Inc.",340493952,"$340,493,952",Small Cap,Yahoo Finance
CNCK,Coincheck Group N.V.,339817792,"$339,817,792",Small Cap,Yahoo Finance
LWAY,"Lifeway Foods, Inc.",339144544,"$339,144,544",Small Cap,Yahoo Finance
BGIN,Bgin Blockchain Limited,338276480,"$338,276,480",Small Cap,Yahoo Finance
ATGL,Alpha Technology Group Limited,338139776,"$338,139,776",Small Cap,Yahoo Finance
SLP,"Simulations Plus, Inc.",337858272,"$337,858,272",Small Cap,Yahoo Finance
VACH,Voyager Acquisition Corp,337438752,"$337,438,752",Small Cap,Yahoo Finance
VERI,"Veritone, Inc.",336928128,"$336,928,128",Small Cap,Yahoo Finance
NMRA,"Neumora Therapeutics, Inc.",336478144,"$336,478,144",Small Cap,Yahoo Finance
PKBK,"Parke Bancorp, Inc.",334801792,"$334,801,792",Small Cap,Yahoo Finance
PUBM,"PubMatic, Inc.",334186560,"$334,186,560",Small Cap,Yahoo Finance
LNKB,"LINKBANCORP, Inc.",334124608,"$334,124,608",Small Cap,Yahoo Finance
BLUW,Blue Water Acquisition Corp. II,333741632,"$333,741,632",Small Cap,Yahoo Finance
BEAG,Bold Eagle Acquisition Corp.,333536704,"$333,536,704",Small Cap,Yahoo Finance
YDDL,One and One Green Technologies.,333401984,"$333,401,984",Small Cap,Yahoo Finance
SVC,Service Properties Trust - Shar,332810688,"$332,810,688",Small Cap,Yahoo Finance
BYND,"Beyond Meat, Inc.",332557664,"$332,557,664",Small Cap,Yahoo Finance
CARL,"Carlsmed, Inc.",331347648,"$331,347,648",Small Cap,Yahoo Finance
NGEN,NervGen Pharma Corp.,331108288,"$331,108,288",Small Cap,Yahoo Finance
NECB,"NorthEast Community Bancorp, In",329541504,"$329,541,504",Small Cap,Yahoo Finance
FSTR,L.B. Foster Company,329481984,"$329,481,984",Small Cap,Yahoo Finance
AFJK,"Aimei Health Technology Co., Lt",329043136,"$329,043,136",Small Cap,Yahoo Finance
ACIU,AC Immune SA,328961984,"$328,961,984",Small Cap,Yahoo Finance
IMMX,"Immix Biopharma, Inc.",328851360,"$328,851,360",Small Cap,Yahoo Finance
AVBH,"Avidbank Holdings, Inc.",328633568,"$328,633,568",Small Cap,Yahoo Finance
RWAY,Runway Growth Finance Corp.,328458400,"$328,458,400",Small Cap,Yahoo Finance
XOMA,XOMA Royalty Corporation,327780736,"$327,780,736",Small Cap,Yahoo Finance
CUB,Lionheart Holdings,327520032,"$327,520,032",Small Cap,Yahoo Finance
PCB,PCB Bancorp,327426912,"$327,426,912",Small Cap,Yahoo Finance
ALDX,"Aldeyra Therapeutics, Inc.",326683840,"$326,683,840",Small Cap,Yahoo Finance
PRE,Prenetics Global Limited,326639968,"$326,639,968",Small Cap,Yahoo Finance
NUAI,"New Era Energy & Digital, Inc.",326574464,"$326,574,464",Small Cap,Yahoo Finance
NVEC,NVE Corporation,326315296,"$326,315,296",Small Cap,Yahoo Finance
DEFT,"Defi Technologies, Inc.",326164544,"$326,164,544",Small Cap,Yahoo Finance
SIMA,SIM Acquisition Corp. I,325986688,"$325,986,688",Small Cap,Yahoo Finance
CEPV,"Cantor Equity Partners V, Inc.",325847488,"$325,847,488",Small Cap,Yahoo Finance
SVAC,Spring Valley Acquisition Corp.,325066688,"$325,066,688",Small Cap,Yahoo Finance
MLAC,Mountain Lake Acquisition Corp.,324181536,"$324,181,536",Small Cap,Yahoo Finance
NKLR,Terra Innovatum Global N.V.,322681344,"$322,681,344",Small Cap,Yahoo Finance
CLYM,"Climb Bio, Inc.",322512352,"$322,512,352",Small Cap,Yahoo Finance
NVA,Nova Minerals Limited,322476800,"$322,476,800",Small Cap,Yahoo Finance
DRDB,Roman DBDR Acquisition Corp. II,322306688,"$322,306,688",Small Cap,Yahoo Finance
CADL,"Candel Therapeutics, Inc.",322253024,"$322,253,024",Small Cap,Yahoo Finance
FERA,Fifth Era Acquisition Corp I,322046688,"$322,046,688",Small Cap,Yahoo Finance
RMNI,"Rimini Street, Inc.",321962656,"$321,962,656",Small Cap,Yahoo Finance
HDSN,"Hudson Technologies, Inc.",321754720,"$321,754,720",Small Cap,Yahoo Finance
SZZL,Sizzle Acquisition Corp. II,321734016,"$321,734,016",Small Cap,Yahoo Finance
EVOX,Evolution Global Acquisition Co,321600000,"$321,600,000",Small Cap,Yahoo Finance
FSBW,"FS Bancorp, Inc.",321263936,"$321,263,936",Small Cap,Yahoo Finance
SKYX,SKYX Platforms Corp.,320436288,"$320,436,288",Small Cap,Yahoo Finance
BCML,BayCom Corp,320285248,"$320,285,248",Small Cap,Yahoo Finance
PACH,Pioneer Acquisition I Corp,319839424,"$319,839,424",Small Cap,Yahoo Finance
OBA,Oxley Bridge Acquisition Limite,319412512,"$319,412,512",Small Cap,Yahoo Finance
PMTR,Perimeter Acquisition Corp. I,319352160,"$319,352,160",Small Cap,Yahoo Finance
LFCR,"Lifecore Biomedical, Inc.",319213344,"$319,213,344",Small Cap,Yahoo Finance
RPAY,Repay Holdings Corporation,318764064,"$318,764,064",Small Cap,Yahoo Finance
EOLS,"Evolus, Inc. Common Stock",318265120,"$318,265,120",Small Cap,Yahoo Finance
AVIR,"Atea Pharmaceuticals, Inc.",317976096,"$317,976,096",Small Cap,Yahoo Finance
ALCO,"Alico, Inc.",317521120,"$317,521,120",Small Cap,Yahoo Finance
ALDF,Aldel Financial II Inc.,316304384,"$316,304,384",Small Cap,Yahoo Finance
CHAC,Crane Harbor Acquisition Corp.,316218688,"$316,218,688",Small Cap,Yahoo Finance
KOYN,CSLM Digital Asset Acquisition ,316210336,"$316,210,336",Small Cap,Yahoo Finance
PLTS,Platinum Analytics Cayman Limit,316034432,"$316,034,432",Small Cap,Yahoo Finance
TVA,Texas Ventures Acquisition III ,315900000,"$315,900,000",Small Cap,Yahoo Finance
ARQQ,Arqit Quantum Inc.,315697984,"$315,697,984",Small Cap,Yahoo Finance
ATII,Archimedes Tech SPAC Partners I,314837600,"$314,837,600",Small Cap,Yahoo Finance
AIRO,"AIRO Group Holdings, Inc.",314603552,"$314,603,552",Small Cap,Yahoo Finance
CZFS,"Citizens Financial Services, In",314190752,"$314,190,752",Small Cap,Yahoo Finance
FNLC,"First Bancorp, Inc (ME)",313665056,"$313,665,056",Small Cap,Yahoo Finance
JRVR,"James River Group Holdings, Inc",313487040,"$313,487,040",Small Cap,Yahoo Finance
POLE,Andretti Acquisition Corp. II,312806016,"$312,806,016",Small Cap,Yahoo Finance
VCIC,Vine Hill Capital Investment Co,312400032,"$312,400,032",Small Cap,Yahoo Finance
BYRN,"Byrna Technologies, Inc.",312248576,"$312,248,576",Small Cap,Yahoo Finance
AMRN,Amarin Corporation plc,311786304,"$311,786,304",Small Cap,Yahoo Finance
SSP,E.W. Scripps Company (The),311695456,"$311,695,456",Small Cap,Yahoo Finance
HRZN,Horizon Technology Finance Corp,311247872,"$311,247,872",Small Cap,Yahoo Finance
IMRX,Immuneering Corporation,311227264,"$311,227,264",Small Cap,Yahoo Finance
BBCP,"Concrete Pumping Holdings, Inc.",310905664,"$310,905,664",Small Cap,Yahoo Finance
LOCO,"El Pollo Loco Holdings, Inc.",310752864,"$310,752,864",Small Cap,Yahoo Finance
VMD,"Viemed Healthcare, Inc.",310286080,"$310,286,080",Small Cap,Yahoo Finance
VELO,"Velo3D, Inc.",310182144,"$310,182,144",Small Cap,Yahoo Finance
AEAQ,Activate Energy Acquisition Cor,309985504,"$309,985,504",Small Cap,Yahoo Finance
MKLY,McKinley Acquisition Corporatio,309688352,"$309,688,352",Small Cap,Yahoo Finance
PIII,P3 Health Partners Inc.,308780576,"$308,780,576",Small Cap,Yahoo Finance
TSBK,"Timberland Bancorp, Inc.",308295840,"$308,295,840",Small Cap,Yahoo Finance
DMAAU,Drugs Made In America Acquisiti,307761184,"$307,761,184",Small Cap,Yahoo Finance
TBRG,"TruBridge, Inc.",306687872,"$306,687,872",Small Cap,Yahoo Finance
WEYS,"Weyco Group, Inc.",306503232,"$306,503,232",Small Cap,Yahoo Finance
LPAA,Launch One Acquisition Corp.,305900000,"$305,900,000",Small Cap,Yahoo Finance
PDYN,Palladyne AI Corp.,304918272,"$304,918,272",Small Cap,Yahoo Finance
ITHA,ITHAX Acquisition Corp III,304213344,"$304,213,344",Small Cap,Yahoo Finance
LPBB,Launch Two Acquisition Corp.,304175008,"$304,175,008",Small Cap,Yahoo Finance
LWAC,LightWave Acquisition Corp.,303757504,"$303,757,504",Small Cap,Yahoo Finance
QTRX,Quanterix Corporation,303620160,"$303,620,160",Small Cap,Yahoo Finance
MRAM,"Everspin Technologies, Inc.",302620256,"$302,620,256",Small Cap,Yahoo Finance
CCRN,"Cross Country Healthcare, Inc.",302374336,"$302,374,336",Small Cap,Yahoo Finance
EFTY,"Etoiles Capital Group Co., Ltd.",302052224,"$302,052,224",Small Cap,Yahoo Finance
AREC,American Resources Corporation,302044896,"$302,044,896",Small Cap,Yahoo Finance
BIXI,Bitcoin Infrastructure Acquisit,301931744,"$301,931,744",Small Cap,Yahoo Finance
RZLT,"Rezolute, Inc.",300437216,"$300,437,216",Small Cap,Yahoo Finance
LRMR,"Larimar Therapeutics, Inc.",300422272,"$300,422,272",Small Cap,Yahoo Finance
