symbol,market_cap,exchange,yf_exchange
AARD,320067104,NASDAQ,NMS
ABAT,617357312,NASDAQ,NCM
ABCL,1194346752,NASDAQ,NMS
ABSI,448107168,NASDAQ,NMS
ABUS,800067904,NASDAQ,NMS
ABTC,1474892032,NASDAQ,NCM
ACDC,898929728,NASDAQ,NMS
ACHC,1219188608,NASDAQ,NMS
ACIC,529103552,NASDAQ,NCM
ACIU,356124000,NASDAQ,NGM
ACRS,419296064,NASDAQ,NMS
ACNB,506363424,NASDAQ,NCM
ACTG,379089280,NASDAQ,NMS
ADAM,759537152,NASDAQ,NMS
ADSE,738905984,NASDAQ,NCM
ADTN,767511168,NASDAQ,NMS
ADUR,477886016,NASDAQ,NCM
ADUS,1977895040,NASDAQ,NMS
ADV,315765952,NASDAQ,NMS
AEBI,1082011520,NASDAQ,NMS
AEHR,849908736,NASDAQ,NCM
AENT,835508992,NASDAQ,NCM
AEVA,862146688,NASDAQ,NMS
AFJK,326043488,NASDAQ,NGM
AFYA,1350359808,NASDAQ,NMS
AGIO,1671857024,NASDAQ,NMS
AHCO,1362368896,NASDAQ,NCM
AHG,785357248,NASDAQ,NCM
AHMA,921475008,NASDAQ,NCM
AIOT,705255744,NASDAQ,NGM
AIP,699377216,NASDAQ,NGM
AIRO,366254848,NASDAQ,NGM
AIRTP,489052096,NASDAQ,NGM
AKTS,1114522752,NASDAQ,NMS
AKBA,400702656,NASDAQ,NCM
ALCO,315377248,NASDAQ,NMS
ALDF,314213632,NASDAQ,NGM
ALDX,333301760,NASDAQ,NCM
ALF,384171872,NASDAQ,NGM
ALGT,1563063680,NASDAQ,NMS
ALLO,343837120,NASDAQ,NMS
ALLT,510890272,NASDAQ,NMS
ALMU,301440736,NASDAQ,NCM
ALNT,1030672896,NASDAQ,NGM
ALRS,608773376,NASDAQ,NCM
ALT,644835904,NASDAQ,NGM
ALTI,681796672,NASDAQ,NCM
ALVO,1654602112,NASDAQ,NGM
AMAL,1142070656,NASDAQ,NGM
AMCX,338202976,NASDAQ,NMS
AMLX,1698908800,NASDAQ,NMS
AMPH,1220495872,NASDAQ,NMS
AMRN,326237216,NASDAQ,NCM
AMPL,1340872320,NASDAQ,NCM
AMSC,1531418368,NASDAQ,NMS
AMSF,697526656,NASDAQ,NMS
AMWD,854044736,NASDAQ,NMS
ANAB,1391097216,NASDAQ,NMS
ANGI,592411264,NASDAQ,NMS
ANGO,422066016,NASDAQ,NMS
ANIP,1806759552,NASDAQ,NGM
ANNX,979297088,NASDAQ,NMS
ANPA,901500032,NASDAQ,NCM
ANSC,466160032,NASDAQ,NGM
AOSL,668867264,NASDAQ,NMS
APEI,763730816,NASDAQ,NMS
API,410984256,NASDAQ,NMS
APOG,827955840,NASDAQ,NMS
APPS,611211456,NASDAQ,NCM
APXT,456382816,NASDAQ,NGM
AQST,423350816,NASDAQ,NGM
ARCB,1974965888,NASDAQ,NMS
ARDX,1917067264,NASDAQ,NGM
AREC,404101024,NASDAQ,NCM
ARHS,1472703104,NASDAQ,NMS
ARKO,589642432,NASDAQ,NCM
AROW,537384320,NASDAQ,NMS
ARQQ,364844832,NASDAQ,NCM
ARRY,1744379392,NASDAQ,NGM
ARTNA,345279712,NASDAQ,NMS
ARVN,999947584,NASDAQ,NMS
ASLE,358134240,NASDAQ,NCM
ASMB,435287712,NASDAQ,NMS
ASPI,974607808,NASDAQ,NCM
ASST,1021525952,NASDAQ,NGM
ASTH,1077342464,NASDAQ,NCM
ASTL,478498112,NASDAQ,NGM
ASTE,1107419392,NASDAQ,NMS
ATAI,1416536960,NASDAQ,NGM
ATEX,485922816,NASDAQ,NCM
ATGL,396746272,NASDAQ,NCM
ATII,316612992,NASDAQ,NGM
ATLC,807497792,NASDAQ,NMS
ATNI,352903456,NASDAQ,NMS
ATRC,1909629440,NASDAQ,NGM
AUPH,1920916864,NASDAQ,NGM
AURA,359428480,NASDAQ,NGM
AUTL,377923456,NASDAQ,NMS
AVAH,1740231808,NASDAQ,NMS
AVBP,954012224,NASDAQ,NGM
AVBH,301804096,NASDAQ,NMS
AVIR,317976096,NASDAQ,NMS
AVO,953496576,NASDAQ,NMS
AVR,612827136,NASDAQ,NGM
AVXL,451207936,NASDAQ,NMS
AXG,769533120,NASDAQ,NCM
AXGN,1595369984,NASDAQ,NCM
AXIN,343066016,NASDAQ,NGM
AXTI,932401536,NASDAQ,NMS
AZ,324905600,NASDAQ,NCM
AZTA,1844641920,NASDAQ,NMS
BACQ,453227680,NASDAQ,NGM
BAND,431880352,NASDAQ,NMS
BBNX,657287744,NASDAQ,NGM
BBOT,1088646016,NASDAQ,NGM
BCAL,599299328,NASDAQ,NCM
BCAR,422300000,NASDAQ,NGM
BCAX,918693376,NASDAQ,NGM
BCML,320939136,NASDAQ,NMS
BCRX,1424596096,NASDAQ,NMS
BCYC,490431040,NASDAQ,NMS
BDCI,350246400,NASDAQ,NGM
BEAG,333536704,NASDAQ,NGM
BETR,483613408,NASDAQ,NGM
BFC,1552457728,NASDAQ,NCM
BFST,896439040,NASDAQ,NMS
BGIN,371085888,NASDAQ,NGM
BGM,690144384,NASDAQ,NCM
BHRB,962727232,NASDAQ,NCM
BIOA,822523712,NASDAQ,NMS
BITF,1554600960,NASDAQ,NGM
BJRI,930764224,NASDAQ,NMS
BLBD,1611437184,NASDAQ,NGM
BLDP,775905728,NASDAQ,NGM
BLFS,1214293760,NASDAQ,NCM
BLMN,573510976,NASDAQ,NMS
BLUW,334710880,NASDAQ,NGM
BLZR,346156224,NASDAQ,NGM
BMBL,584931200,NASDAQ,NMS
BMM,372980320,NASDAQ,NGM
BMRC,430545568,NASDAQ,NMS
BIXI,301323008,NASDAQ,NGM
BNR,384905792,NASDAQ,NGM
BNTC,424970912,NASDAQ,NCM
BRBI,410008224,NASDAQ,NCM
BSRR,456361408,NASDAQ,NMS
BSVN,416451488,NASDAQ,NMS
BTBT,725031616,NASDAQ,NCM
BTQ,574106304,NASDAQ,NGM
BVC,1401120000,NASDAQ,NCM
BVS,531793216,NASDAQ,NMS
BWAY,510000384,NASDAQ,NGM
BWB,518592928,NASDAQ,NCM
BWFG,378117248,NASDAQ,NGM
BWMN,607190848,NASDAQ,NGM
BYRN,346564128,NASDAQ,NCM
BYND,391839264,NASDAQ,NMS
CAC,803636416,NASDAQ,NMS
CADL,334577728,NASDAQ,NGM
CAEP,359043776,NASDAQ,NGM
CAN,504219808,NASDAQ,NGM
CAPR,1297966976,NASDAQ,NCM
CARE,457023904,NASDAQ,NMS
CARL,357940544,NASDAQ,NMS
CASH,1930983680,NASDAQ,NMS
CASS,583820544,NASDAQ,NMS
CBIO,359880800,NASDAQ,NCM
CBK,346970016,NASDAQ,NCM
CBLL,811653632,NASDAQ,NMS
CBRL,702441856,NASDAQ,NMS
CBNK,497506272,NASDAQ,NMS
CCB,1581381760,NASDAQ,NMS
CCAP,539720960,NASDAQ,NGM
CCBG,715525184,NASDAQ,NMS
CCCX,877042496,NASDAQ,NGM
CCD,637625344,NASDAQ,NGM
CCEC,1267315840,NASDAQ,NMS
CCII,358382144,NASDAQ,NGM
CCIX,390455616,NASDAQ,NGM
CCNE,802343232,NASDAQ,NMS
CCOI,1189729792,NASDAQ,NMS
CCRN,302046752,NASDAQ,NMS
CCSI,411855168,NASDAQ,NMS
CD,467064928,NASDAQ,NGM
CDNA,1095676672,NASDAQ,NGM
CDNL,1056417856,NASDAQ,NMS
CDRO,365126528,NASDAQ,NCM
CDZI,551617728,NASDAQ,NGM
CENT,1998961024,NASDAQ,NMS
CENTA,1853648512,NASDAQ,NMS
CEPF,594360000,NASDAQ,NGM
CEPT,368183200,NASDAQ,NGM
CERS,482139648,NASDAQ,NGM
CERT,1545747968,NASDAQ,NMS
CEVA,618707712,NASDAQ,NMS
CEPV,325847488,NASDAQ,NGM
CFFN,896409280,NASDAQ,NMS
CGBD,909829184,NASDAQ,NMS
CGC,476866400,NASDAQ,NMS
CGCT,354315008,NASDAQ,NGM
CGEM,741407104,NASDAQ,NMS
CGNT,682175744,NASDAQ,NMS
CHAC,327308800,NASDAQ,NGM
CHCO,1745031680,NASDAQ,NMS
CHI,899792896,NASDAQ,NGM
CHRS,304594944,NASDAQ,NGM
CHW,510525504,NASDAQ,NGM
CHY,949896960,NASDAQ,NGM
CIVB,471899008,NASDAQ,NCM
CLBK,1663619712,NASDAQ,NMS
CLDX,1741640576,NASDAQ,NCM
CLFD,435202336,NASDAQ,NGM
CLLS,417750592,NASDAQ,NGM
CLMB,549461504,NASDAQ,NGM
CLNE,502199264,NASDAQ,NMS
CLMT,1930283648,NASDAQ,NMS
CLOV,1229693824,NASDAQ,NMS
CLPT,432689152,NASDAQ,NCM
CLYM,355922720,NASDAQ,NGM
CMCO,596111424,NASDAQ,NMS
CMPR,1957705984,NASDAQ,NMS
CMPX,1152546432,NASDAQ,NCM
CMPS,660597248,NASDAQ,NMS
CNCK,347973408,NASDAQ,NGM
CNOB,1407395200,NASDAQ,NMS
CNXN,1463676160,NASDAQ,NMS
COFS,438392512,NASDAQ,NCM
COHU,1379066368,NASDAQ,NMS
COLL,1422809984,NASDAQ,NMS
CRAI,1278169984,NASDAQ,NMS
CRAN,468296480,NASDAQ,NGM
CRAQ,396546624,NASDAQ,NGM
CRCT,939101504,NASDAQ,NMS
CRESY,989952192,NASDAQ,NMS
CRMD,612805440,NASDAQ,NGM
CRNC,548745408,NASDAQ,NMS
CRON,1037688384,NASDAQ,NGM
CRSR,563782848,NASDAQ,NMS
CRTO,1020479744,NASDAQ,NMS
CRVS,1863830144,NASDAQ,NGM
CSIQ,1525292928,NASDAQ,NMS
CSTL,1244312576,NASDAQ,NGM
CSWC,1347026560,NASDAQ,NMS
CTBI,1140030336,NASDAQ,NMS
CTKB,667454400,NASDAQ,NMS
CTLP,794456128,NASDAQ,NMS
CTMX,1022542592,NASDAQ,NMS
CTNM,515065216,NASDAQ,NMS
CTRN,352670688,NASDAQ,NMS
CUB,326909760,NASDAQ,NGM
CVGW,451856768,NASDAQ,NMS
CWBC,451490912,NASDAQ,NCM
CWCO,612400512,NASDAQ,NMS
CYRX,514457984,NASDAQ,NCM
CZNC,386540032,NASDAQ,NCM
DAKT,1074889344,NASDAQ,NMS
DAWN,1275075712,NASDAQ,NMS
DBVT,1337766144,NASDAQ,NCM
DCBO,542455104,NASDAQ,NMS
DCOM,1451147136,NASDAQ,NMS
DCTH,360906240,NASDAQ,NCM
DDI,436070272,NASDAQ,NMS
DEFT,345280256,NASDAQ,NCM
DFTX,1725640704,NASDAQ,NMS
DGICA,672739072,NASDAQ,NMS
DGICB,676293440,NASDAQ,NMS
DGII,1691520000,NASDAQ,NMS
DHC,1352390784,NASDAQ,NMS
DHIL,461415456,NASDAQ,NMS
DJCO,809439232,NASDAQ,NCM
DMAA,348913472,NASDAQ,NGM
DMAC,460885376,NASDAQ,NCM
DMAAU,307761184,NASDAQ,NGM
DMII,653126976,NASDAQ,NGM
DMLP,1226653568,NASDAQ,NMS
DNUT,587559040,NASDAQ,NMS
DRDB,322306688,NASDAQ,NGM
DRH,1894120448,NASDAQ,NMS
DRTS,625838848,NASDAQ,NCM
DRUG,843917568,NASDAQ,NCM
DSGR,1314212736,NASDAQ,NMS
DSGN,601822080,NASDAQ,NMS
DSP,813739968,NASDAQ,NMS
DVAX,1820087040,NASDAQ,NMS
DVGR,1335763584,NASDAQ,NGM
DVLT,432071936,NASDAQ,NCM
ECPG,1277383424,NASDAQ,NMS
ECX,677817664,NASDAQ,NGM
EEMA,783483968,NASDAQ,NGM
EFTY,302052224,NASDAQ,NCM
EGBN,791474368,NASDAQ,NCM
EH,973955072,NASDAQ,NGM
ELE,1365955328,NASDAQ,NCM
ELVA,519536288,NASDAQ,NCM
ELVR,1032016128,NASDAQ,NCM
ELVN,1546887808,NASDAQ,NMS
EMBC,622318080,NASDAQ,NMS
ENGN,729355776,NASDAQ,NCM
ENTA,375088000,NASDAQ,NMS
ENVX,1594377472,NASDAQ,NMS
EOLS,315348224,NASDAQ,NGM
EPRX,463182688,NASDAQ,NCM
ERII,774036480,NASDAQ,NMS
ESEA,392720608,NASDAQ,NCM
ESPR,817865152,NASDAQ,NGM
ESTA,1879172224,NASDAQ,NCM
ESQ,928756160,NASDAQ,NCM
ETON,403067552,NASDAQ,NGM
EU,649870016,NASDAQ,NCM
EVER,854765952,NASDAQ,NGM
EVGO,948586752,NASDAQ,NMS
EVLV,1152476032,NASDAQ,NCM
EVO,1332034432,NASDAQ,NMS
EVOX,318720000,NASDAQ,NGM
EXPI,1458121088,NASDAQ,NGM
EYPT,1305968256,NASDAQ,NGM
EZPW,1305004160,NASDAQ,NMS
FBIZ,471069760,NASDAQ,NMS
FBRX,441323904,NASDAQ,NCM
FBYD,322318720,NASDAQ,NGM
FCBC,628933888,NASDAQ,NMS
FCEL,470684192,NASDAQ,NGM
FDMT,499360544,NASDAQ,NMS
FDUS,709243264,NASDAQ,NMS
FEIM,548721536,NASDAQ,NGM
FERA,322046688,NASDAQ,NGM
FFIC,515459008,NASDAQ,NMS
FHTX,344459840,NASDAQ,NGM
FIP,689626176,NASDAQ,NMS
FISI,647197056,NASDAQ,NMS
FIVN,1453645184,NASDAQ,NGM
FLGT,848990272,NASDAQ,NGM
FLYW,1655470336,NASDAQ,NMS
FMAO,363823520,NASDAQ,NCM
FMBH,1022075648,NASDAQ,NGM
FMNB,488583936,NASDAQ,NCM
FNLC,303228256,NASDAQ,NMS
FOXF,808020224,NASDAQ,NMS
FRBA,411934304,NASDAQ,NGM
FRPH,450361696,NASDAQ,NMS
FRST,331959872,NASDAQ,NGM
FSBC,843397056,NASDAQ,NMS
FSBW,304347392,NASDAQ,NCM
FSLY,1524134016,NASDAQ,NMS
FSTR,304365472,NASDAQ,NMS
FSUN,1066969408,NASDAQ,NMS
FTRE,1599443968,NASDAQ,NMS
FUFU,506122880,NASDAQ,NCM
FULC,720395584,NASDAQ,NGM
FWDI,613862208,NASDAQ,NCM
FWRD,876825408,NASDAQ,NMS
FWRG,991771712,NASDAQ,NMS
GABC,1572828160,NASDAQ,NMS
GAIN,552275072,NASDAQ,NMS
GBFH,479155872,NASDAQ,NCM
GBLI,411651840,NASDAQ,NMS
GCBC,375782080,NASDAQ,NCM
GCT,1436414208,NASDAQ,NGM
GDEV,401944096,NASDAQ,NGM
GDEN,719522816,NASDAQ,NGM
GDRX,816507456,NASDAQ,NMS
GDYN,718724096,NASDAQ,NCM
GEMI,1083590784,NASDAQ,NMS
GERN,887377664,NASDAQ,NMS
GEVO,508848448,NASDAQ,NCM
GHRS,981305024,NASDAQ,NGM
GIG,351666656,NASDAQ,NGM
GIII,1189843072,NASDAQ,NMS
GILT,1448567552,NASDAQ,NMS
GIW,470973408,NASDAQ,NGM
GLAD,466433952,NASDAQ,NMS
GLDD,1033589376,NASDAQ,NMS
GLIBK,1456106368,NASDAQ,NMS
GLIBA,1147337344,NASDAQ,NMS
GLOO,484339680,NASDAQ,NMS
GLSI,446046880,NASDAQ,NCM
GLRE,463042976,NASDAQ,NMS
GLUE,1770356864,NASDAQ,NMS
GO,986279232,NASDAQ,NMS
GOAI,491133600,NASDAQ,OQB
GOGO,629115392,NASDAQ,NMS
GOOD,558096640,NASDAQ,NMS
GOSS,624931840,NASDAQ,NMS
GPAT,386328128,NASDAQ,NGM
GPRE,842503936,NASDAQ,NMS
GRPN,646371200,NASDAQ,NMS
GRRR,339695200,NASDAQ,NCM
GRVY,458627392,NASDAQ,NGM
GSBC,679300160,NASDAQ,NMS
GSM,931910016,NASDAQ,NCM
GTEN,464272512,NASDAQ,NGM
GUTS,329749920,NASDAQ,NGM
GYRE,787041920,NASDAQ,NCM
HAFC,826658304,NASDAQ,NMS
HBCP,457946432,NASDAQ,NMS
HBNB,1941123328,NASDAQ,NCM
HBNC,900914624,NASDAQ,NMS
HBT,851647936,NASDAQ,NMS
HCKT,521182944,NASDAQ,NMS
HCMA,343428928,NASDAQ,NGM
HDL,979529728,NASDAQ,NGM
HDSN,316086944,NASDAQ,NCM
HCSG,1364255744,NASDAQ,NMS
HELE,406991904,NASDAQ,NMS
HELP,362730336,NASDAQ,NGM
HEPS,1052956096,NASDAQ,NMS
HFWA,870144896,NASDAQ,NMS
HIFS,652667328,NASDAQ,NGM
HIMX,1490262272,NASDAQ,NMS
HIVE,741029248,NASDAQ,NCM
HLIT,1184236544,NASDAQ,NMS
HLMN,1887454720,NASDAQ,NGM
HNRG,883965632,NASDAQ,NCM
HOPE,1566435840,NASDAQ,NMS
HPK,553846848,NASDAQ,NGM
HROW,1597795712,NASDAQ,NGM
HRZN,309858368,NASDAQ,NMS
HSTM,643798592,NASDAQ,NMS
HTBK,778155264,NASDAQ,NMS
HTLD,803518208,NASDAQ,NMS
HTO,1885853952,NASDAQ,NMS
HTZ,1653000320,NASDAQ,NMS
IART,871042688,NASDAQ,NMS
IBCP,724011456,NASDAQ,NMS
IBEX,512695392,NASDAQ,NGM
ICFI,1722469120,NASDAQ,NMS
ICHR,1073647680,NASDAQ,NMS
IGIC,1059160896,NASDAQ,NCM
IHRT,507535840,NASDAQ,NMS
IIIV,918176000,NASDAQ,NMS
ILPT,360626464,NASDAQ,NMS
IMCR,1774123136,NASDAQ,NMS
IMKTA,1376712448,NASDAQ,NMS
IMMP,456295296,NASDAQ,NGM
IMMX,311111392,NASDAQ,NCM
IMOS,1481481984,NASDAQ,NMS
IMRX,335118144,NASDAQ,NGM
IMSR,857307904,NASDAQ,NMS
IMTX,1340638336,NASDAQ,NCM
IMXI,460045952,NASDAQ,NCM
INBX,1115868288,NASDAQ,NMS
INDI,952272832,NASDAQ,NCM
INMD,1032284224,NASDAQ,NMS
INNV,788309056,NASDAQ,NMS
INOD,1961360256,NASDAQ,NGM
INVA,1474445952,NASDAQ,NMS
IONR,398837536,NASDAQ,NCM
IOSP,1983672704,NASDAQ,NMS
IOVA,1184949376,NASDAQ,NGM
IPCX,350249088,NASDAQ,NGM
IPX,1900054912,NASDAQ,NCM
IRMD,1270080128,NASDAQ,NGM
IRWD,832914624,NASDAQ,NMS
ISBA,364094848,NASDAQ,NCM
ISSC,377770112,NASDAQ,NMS
ISTR,394404032,NASDAQ,NGM
ITHA,303293344,NASDAQ,NGM
ITIC,478703872,NASDAQ,NMS
ITRN,893420672,NASDAQ,NMS
IVA,1376107264,NASDAQ,NGM
IVVD,578073408,NASDAQ,NGM
JACK,419314304,NASDAQ,NMS
JAMF,1742990848,NASDAQ,NMS
JANX,884774272,NASDAQ,NGM
JBIO,800618304,NASDAQ,NCM
JBLU,1789456768,NASDAQ,NMS
JBSS,867963072,NASDAQ,NMS
JCAP,1386965760,NASDAQ,NMS
JFIN,381592256,NASDAQ,NGM
JJSF,1821738624,NASDAQ,NMS
JOUT,476554720,NASDAQ,NMS
JRVR,302685056,NASDAQ,NMS
KALV,749601536,NASDAQ,NGM
KARO,1551461504,NASDAQ,NCM
KCHV,349425312,NASDAQ,NGM
KDK,1706973696,NASDAQ,NGM
KE,723570368,NASDAQ,NMS
KELYA,357984160,NASDAQ,NMS
KELYB,486264768,NASDAQ,NMS
KFII,406696704,NASDAQ,NGM
KIDS,443868768,NASDAQ,NGM
KMDA,510480576,NASDAQ,NMS
KMTS,1516783744,NASDAQ,NMS
KOD,1503622784,NASDAQ,NGM
KOPN,500861472,NASDAQ,NCM
KOYN,316210336,NASDAQ,NGM
KRNY,481297088,NASDAQ,NMS
KRNT,602242560,NASDAQ,NMS
KROS,557529024,NASDAQ,NGM
KRT,486006016,NASDAQ,NMS
KRUS,849499072,NASDAQ,NGM
KURA,735298048,NASDAQ,NMS
KYTX,554341440,NASDAQ,NMS
LAB,557619840,NASDAQ,NMS
LAES,847989760,NASDAQ,NMS
LAND,365587648,NASDAQ,NGM
LANDM,412168832,NASDAQ,NGM
LBRX,573024640,NASDAQ,NGM
LE,595745856,NASDAQ,NCM
LEGH,510074752,NASDAQ,NMS
LENZ,615630080,NASDAQ,NMS
LFCR,322959936,NASDAQ,NMS
LGIH,1155108992,NASDAQ,NMS
LILA,1523178624,NASDAQ,NMS
LILAK,1524025856,NASDAQ,NMS
LIND,895830016,NASDAQ,NCM
LINC,832654528,NASDAQ,NMS
LKFN,1525362688,NASDAQ,NMS
LMAT,1934661504,NASDAQ,NGM
LMB,976768640,NASDAQ,NCM
LMRI,1326756096,NASDAQ,NMS
LNKB,318392256,NASDAQ,NCM
LOCO,317651840,NASDAQ,NMS
LOT,895891072,NASDAQ,NMS
LPAA,306187488,NASDAQ,NGM
LPBB,303024992,NASDAQ,NGM
LPTH,642026112,NASDAQ,NCM
LQDT,989012608,NASDAQ,NMS
LRMR,315828544,NASDAQ,NGM
LSAK,390160896,NASDAQ,NMS
LTBR,557434432,NASDAQ,NCM
LTRX,309240576,NASDAQ,NCM
LWAC,302554528,NASDAQ,NGM
LWAY,337773952,NASDAQ,NGM
LWLG,539547648,NASDAQ,NCM
LX,496360480,NASDAQ,NMS
LXEO,554703680,NASDAQ,NGM
LXRX,616433472,NASDAQ,NCM
LYEL,552555264,NASDAQ,NMS
LYTS,687150592,NASDAQ,NMS
LZ,1712369024,NASDAQ,NMS
MAAS,1866358272,NASDAQ,NGM
MAMA,603295488,NASDAQ,NCM
MATW,817059584,NASDAQ,NMS
MBAV,385968736,NASDAQ,NGM
MBIN,1606582272,NASDAQ,NCM
MBUU,623345792,NASDAQ,NGM
MBVI,438149984,NASDAQ,NGM
MBWM,873831296,NASDAQ,NMS
MBX,1618279040,NASDAQ,NMS
MCBS,787027328,NASDAQ,NMS
MCFT,347219968,NASDAQ,NGM
MCRI,1636946432,NASDAQ,NMS
MCTA,504260192,NASDAQ,NCM
MCW,1778696320,NASDAQ,NMS
MDXG,772945152,NASDAQ,NCM
METC,1477982976,NASDAQ,NMS
MFIC,1058996160,NASDAQ,NMS
MFI,776913152,NASDAQ,NCM
MGIC,1301131520,NASDAQ,NMS
MGPI,532144960,NASDAQ,NMS
MGTX,643927104,NASDAQ,NMS
MITK,491272864,NASDAQ,NCM
MKLY,309688352,NASDAQ,NGM
MLAB,450509152,NASDAQ,NMS
MLAC,323871616,NASDAQ,NGM
MLKN,1338778752,NASDAQ,NMS
MLTX,1157646464,NASDAQ,NCM
MNKD,1701169280,NASDAQ,NGM
MNPR,466644864,NASDAQ,NCM
MNRO,588385344,NASDAQ,NMS
MOBBW,1519541120,NASDAQ,NCM
MOFG,937827520,NASDAQ,NMS
MOMO,1127899648,NASDAQ,NMS
MPB,732385024,NASDAQ,NGM
MPLT,876153216,NASDAQ,NMS
MQ,1936365696,NASDAQ,NMS
MRAM,323876800,NASDAQ,NGM
MRVI,1366638080,NASDAQ,NMS
MRTN,1042646208,NASDAQ,NMS
MSBI,495905120,NASDAQ,NMS
MSEX,965302848,NASDAQ,NMS
MTLS,357785184,NASDAQ,NMS
MTRX,397118336,NASDAQ,NMS
MVBF,362842784,NASDAQ,NCM
MVST,932039232,NASDAQ,NCM
MXL,1698090880,NASDAQ,NMS
MYGN,552291328,NASDAQ,NMS
NAGE,495596096,NASDAQ,NCM
NATH,412716032,NASDAQ,NMS
NATR,422810592,NASDAQ,NCM
NAVI,1170800512,NASDAQ,NMS
NB,895107136,NASDAQ,NGM
NBBK,963475328,NASDAQ,NCM
NBN,949686656,NASDAQ,NGM
NBP,463469952,NASDAQ,NGM
NBTX,1089938560,NASDAQ,NMS
NCMI,349990272,NASDAQ,NMS
NECB,312147520,NASDAQ,NCM
NEGG,1130487424,NASDAQ,NCM
NEO,1599880064,NASDAQ,NCM
NEWT,398789120,NASDAQ,NGM
NEXN,371136000,NASDAQ,NGM
NEXT,1384911360,NASDAQ,NCM
NFBK,501308224,NASDAQ,NMS
NFE,408475552,NASDAQ,NMS
NGEN,364377536,NASDAQ,NCM
NGNE,307782336,NASDAQ,NGM
NKLR,392644832,NASDAQ,NGM
NKTR,774709376,NASDAQ,NCM
NMFC,901581760,NASDAQ,NMS
NMRA,365367680,NASDAQ,NMS
NN,1915921408,NASDAQ,NCM
NNDM,425806400,NASDAQ,NCM
NNE,1749439104,NASDAQ,NCM
NNNN,921715200,NASDAQ,NGM
NPAC,398496768,NASDAQ,NGM
NPCE,539418752,NASDAQ,NGM
NRC,475569728,NASDAQ,NMS
NRDS,943161280,NASDAQ,NGM
NRIM,506097216,NASDAQ,NMS
NRIX,1950344064,NASDAQ,NGM
NSSC,1376642816,NASDAQ,NMS
NTGR,639493632,NASDAQ,NMS
NTLA,1698066688,NASDAQ,NGM
NUAI,381894336,NASDAQ,NGM
NUKKW,1454675072,NASDAQ,NCM
NUTX,1107391360,NASDAQ,NCM
NVA,419376736,NASDAQ,NCM
NVAX,1572177792,NASDAQ,NMS
NVCR,1448487040,NASDAQ,NMS
NVEC,356354080,NASDAQ,NCM
NWBI,1866392320,NASDAQ,NMS
NWL,1848672000,NASDAQ,NMS
NWPX,648837440,NASDAQ,NMS
OBA,320044992,NASDAQ,NGM
OBT,398863520,NASDAQ,NCM
OCGN,517591328,NASDAQ,NCM
OCFC,1056847360,NASDAQ,NMS
OCS,1616281088,NASDAQ,NGM
OCSL,1110758400,NASDAQ,NMS
ODD,1981928320,NASDAQ,NGM
OFLX,341289056,NASDAQ,NGM
OFIX,531031424,NASDAQ,NMS
OLPX,1054668864,NASDAQ,NMS
OMDA,921896128,NASDAQ,NMS
OMER,877393152,NASDAQ,NGM
ONEQ,621749056,NASDAQ,NGM
OPAL,404010848,NASDAQ,NCM
OPK,1020010880,NASDAQ,NMS
OPRA,1264037632,NASDAQ,NMS
ORGO,501810624,NASDAQ,NCM
ORIC,1162827904,NASDAQ,NMS
ORKA,1705941376,NASDAQ,NGM
ORRF,695521088,NASDAQ,NCM
OSBC,1042587264,NASDAQ,NMS
OSPN,462769824,NASDAQ,NCM
OTGA,347666752,NASDAQ,NGM
OTLY,355125152,NASDAQ,NMS
OUST,1506131072,NASDAQ,NMS
OWLS,547941568,NASDAQ,NGM
OXLC,1372635520,NASDAQ,NGM
OXLCO,437235328,NASDAQ,NMS
OYSE,346264512,NASDAQ,NGM
PACB,760806720,NASDAQ,NMS
PACH,319728736,NASDAQ,NGM
PAHC,1608701824,NASDAQ,NGM
PANL,554556224,NASDAQ,NCM
PBFS,347219744,NASDAQ,NCM
PBYI,331069600,NASDAQ,NMS
PCAP,387644608,NASDAQ,NGM
PCB,314592224,NASDAQ,NMS
PCLA,598771264,NASDAQ,NCM
PCRX,849455104,NASDAQ,NMS
PDFS,1371297408,NASDAQ,NMS
PDLB,403938912,NASDAQ,NGM
PDYN,398808064,NASDAQ,NGM
PEBO,1139460096,NASDAQ,NMS
PENG,1064343232,NASDAQ,NMS
PEPG,380865152,NASDAQ,NMS
PERI,374853376,NASDAQ,NMS
PEY,992496000,NASDAQ,NGM
PFBC,1047022208,NASDAQ,NMS
PFIS,505726496,NASDAQ,NMS
PFM,547664000,NASDAQ,NGM
PGC,525296128,NASDAQ,NMS
PGEN,1668282624,NASDAQ,NMS
PGY,1712441472,NASDAQ,NCM
PHAR,1445628160,NASDAQ,NGM
PHAT,1103500160,NASDAQ,NMS
PHVS,1754554880,NASDAQ,NMS
PIII,520051488,NASDAQ,NCM
PKBK,326390272,NASDAQ,NCM
PKOH,319629376,NASDAQ,NMS
PLAY,675051328,NASDAQ,NMS
PLBC,345166400,NASDAQ,NCM
PLPC,1199054208,NASDAQ,NMS
PLSE,972803520,NASDAQ,NCM
PLTK,1351920768,NASDAQ,NMS
PLTS,316034400,NASDAQ,NCM
PMTR,318735680,NASDAQ,NGM
PNTG,937143872,NASDAQ,NMS
POET,880221184,NASDAQ,NCM
POLE,312416448,NASDAQ,NGM
PPH,1221441664,NASDAQ,NGM
PRAA,570280576,NASDAQ,NMS
PRCH,832433664,NASDAQ,NCM
PRCT,1705973376,NASDAQ,NGM
PRE,327313120,NASDAQ,NGM
PRGS,1802118016,NASDAQ,NMS
PRME,794246912,NASDAQ,NGM
PROK,671101312,NASDAQ,NCM
PRTA,525918976,NASDAQ,NMS
PRTC,451224096,NASDAQ,NGM
PRTH,487921792,NASDAQ,NCM
PSEC,1331924608,NASDAQ,NMS
PSIX,1755718784,NASDAQ,NCM
PSNL,911851968,NASDAQ,NGM
PSNY,1574390272,NASDAQ,NGM
PTLO,427277952,NASDAQ,NMS
PUBM,357393952,NASDAQ,NGM
PURR,640208832,NASDAQ,NCM
PVLA,991010112,NASDAQ,NCM
QCRH,1507143552,NASDAQ,NGM
QDEL,1788637312,NASDAQ,NMS
PZZA,1216159488,NASDAQ,NMS
QNST,814952640,NASDAQ,NMS
QQQX,1395957760,NASDAQ,NGM
QTRX,310622112,NASDAQ,NGM
QURE,1507146752,NASDAQ,NMS
RAPP,1316877184,NASDAQ,NGM
RAPT,1669577472,NASDAQ,NGM
RBBN,495829184,NASDAQ,NMS
RBB,369857760,NASDAQ,NMS
RBCAA,1383636352,NASDAQ,NMS
RCAT,1930231296,NASDAQ,NCM
RCKT,388517760,NASDAQ,NGM
RDAG,383624992,NASDAQ,NGM
RDVT,685188800,NASDAQ,NCM
RDWR,1108444928,NASDAQ,NMS
REAL,1876260224,NASDAQ,NMS
REAX,794843008,NASDAQ,NCM
REPL,589501632,NASDAQ,NMS
RGNX,533709088,NASDAQ,NMS
RIGL,675320768,NASDAQ,NMS
RING,1094109952,NASDAQ,NGM
RJET,825909056,NASDAQ,NMS
RLAY,1460241152,NASDAQ,NGM
RMNI,333989984,NASDAQ,NGM
ROCK,1508152832,NASDAQ,NMS
ROOT,1060502720,NASDAQ,NMS
RPAY,324244256,NASDAQ,NCM
RPD,828986624,NASDAQ,NGM
RR,1055708736,NASDAQ,NCM
RRBI,520191328,NASDAQ,NMS
RSVR,486664640,NASDAQ,NGM
RTAC,413179968,NASDAQ,NGM
RWAY,331349120,NASDAQ,NMS
RXST,379506560,NASDAQ,NGM
RZLT,324546368,NASDAQ,NCM
RZLV,1213193600,NASDAQ,NGM
SABR,505452640,NASDAQ,NMS
SAFT,1135531776,NASDAQ,NMS
SANA,1318512256,NASDAQ,NMS
SATL,712557248,NASDAQ,NCM
SBC,431848928,NASDAQ,NGM
SBGI,1030620224,NASDAQ,NMS
SCSC,915785792,NASDAQ,NMS
SCVL,511090656,NASDAQ,NMS
SCZM,1463364864,NASDAQ,NCM
SDGR,1099445760,NASDAQ,NMS
SDHI,357089504,NASDAQ,NGM
SENEA,803931008,NASDAQ,NMS
SCHL,880282496,NASDAQ,NMS
SENEB,791331072,NASDAQ,NMS
SENS,304395520,NASDAQ,NMS
SEPN,1137264512,NASDAQ,NGM
SERV,980947456,NASDAQ,NCM
SFIX,759566272,NASDAQ,NMS
SFST,448717248,NASDAQ,NGM
SGHT,322517568,NASDAQ,NMS
SGML,1481406848,NASDAQ,NCM
SGRY,1970521856,NASDAQ,NMS
SHBI,622406208,NASDAQ,NMS
SHEN,619800000,NASDAQ,NMS
SHLS,1707361792,NASDAQ,NGM
SHMD,491530240,NASDAQ,NGM
SIBN,738302208,NASDAQ,NGM
SIFY,1024163264,NASDAQ,NCM
SIGA,487672992,NASDAQ,NGM
SIMA,324760032,NASDAQ,NGM
SION,1954740864,NASDAQ,NGM
SKWD,1978226304,NASDAQ,NMS
SKYT,1631324032,NASDAQ,NCM
SKYX,331020480,NASDAQ,NCM
SLDB,509143392,NASDAQ,NMS
SLDE,1977839616,NASDAQ,NMS
SLDP,1000963456,NASDAQ,NMS
SLP,392656960,NASDAQ,NMS
SLRC,822138304,NASDAQ,NMS
SLS,749240960,NASDAQ,NCM
SMBC,684832384,NASDAQ,NGM
SMPL,1877183744,NASDAQ,NCM
SNCY,919707456,NASDAQ,NMS
SNDL,414961248,NASDAQ,NCM
SNDX,1837988096,NASDAQ,NMS
SOHU,563810560,NASDAQ,NMS
SONO,1827709824,NASDAQ,NMS
SOPH,356197056,NASDAQ,NMS
SPFI,657550080,NASDAQ,NMS
SPRY,1022588864,NASDAQ,NGM
SPT,565850176,NASDAQ,NCM
SRCE,1630283520,NASDAQ,NMS
SRTA,437878304,NASDAQ,NCM
SSII,912923776,NASDAQ,NCM
SSP,311695456,NASDAQ,NMS
SSYS,969698624,NASDAQ,NMS
STAA,942642816,NASDAQ,NGM
STBA,1611078400,NASDAQ,NMS
STEX,675119232,NASDAQ,NCM
STGW,1606545536,NASDAQ,NMS
STKL,567705280,NASDAQ,NMS
STOK,1700948864,NASDAQ,NMS
STRD,902234880,NASDAQ,NMS
STRT,336433024,NASDAQ,NGM
SUPX,603344256,NASDAQ,NCM
SVA,642436736,NASDAQ,NMS
SVAC,338866688,NASDAQ,NGM
SVC,338693728,NASDAQ,NMS
SVRA,1159766656,NASDAQ,NMS
SWBI,500554624,NASDAQ,NMS
SWIM,787426496,NASDAQ,NMS
SY,316848512,NASDAQ,NCM
SYBT,1997121536,NASDAQ,NMS
SZZL,321421344,NASDAQ,NGM
TACH,355867488,NASDAQ,NGM
TACO,382691264,NASDAQ,NGM
TALK,671543168,NASDAQ,NCM
TARA,387971744,NASDAQ,NGM
TASK,989846976,NASDAQ,NMS
TATT,687290304,NASDAQ,NGM
TBLA,1230967936,NASDAQ,NMS
TBLD,679494336,NASDAQ,NGM
TBPH,991912896,NASDAQ,NGM
TBRG,306237504,NASDAQ,NMS
TCBK,1598110080,NASDAQ,NMS
TCMD,653427456,NASDAQ,NGM
TCPC,447536480,NASDAQ,NMS
TDUP,670760576,NASDAQ,NMS
TECX,383309408,NASDAQ,NGM
TH,690474368,NASDAQ,NCM
THFF,751330880,NASDAQ,NMS
THRM,1121646592,NASDAQ,NMS
TILE,1832297472,NASDAQ,NMS
TIGR,1611343616,NASDAQ,NMS
TIPT,650568320,NASDAQ,NCM
TITN,383316800,NASDAQ,NMS
TLNC,429131840,NASDAQ,NGM
TLRY,979823104,NASDAQ,NMS
TLS,411549152,NASDAQ,NGM
TNDM,1362149376,NASDAQ,NGM
TNGX,1593229952,NASDAQ,NGM
TOI,304982144,NASDAQ,NCM
TRDA,424997856,NASDAQ,NGM
TREE,813037312,NASDAQ,NMS
TRIN,1278670208,NASDAQ,NMS
TRIP,1553127168,NASDAQ,NMS
TRNS,558212160,NASDAQ,NGM
TRON,415688832,NASDAQ,NCM
TROO,434101376,NASDAQ,NCM
TRS,1398211200,NASDAQ,NMS
TRST,784863232,NASDAQ,NMS
TRUP,1376725504,NASDAQ,NGM
TRVI,1416942976,NASDAQ,NGM
TSAT,1472416128,NASDAQ,NMS
TSHA,1288790528,NASDAQ,NMS
TSSI,315564672,NASDAQ,NCM
TTGT,386773568,NASDAQ,NMS
TUR,635859520,NASDAQ,NGM
TVA,319500000,NASDAQ,NGM
TWFG,377069600,NASDAQ,NMS
TYRA,1684423296,NASDAQ,NMS
UDMY,721637440,NASDAQ,NMS
UFCS,886495296,NASDAQ,NMS
UFPT,1937751552,NASDAQ,NCM
ULCC,1154841600,NASDAQ,NMS
ULH,415751616,NASDAQ,NMS
UNIT,1830434816,NASDAQ,NMS
UNTY,530484288,NASDAQ,NGM
UPB,1756254208,NASDAQ,NMS
UPBD,1119896832,NASDAQ,NMS
URGN,1023710528,NASDAQ,NGM
UROY,718050560,NASDAQ,NCM
USAU,355609472,NASDAQ,NCM
USCB,338634304,NASDAQ,NGM
UVSP,954078848,NASDAQ,NMS
UXIN,725715712,NASDAQ,NMS
VACH,337122496,NASDAQ,NGM
VALN,837596480,NASDAQ,NMS
VALU,348223424,NASDAQ,NCM
VBNK,500906016,NASDAQ,NMS
VCEL,1843423232,NASDAQ,NGM
VCIC,312400032,NASDAQ,NGM
VELO,372046240,NASDAQ,NCM
VERI,354830272,NASDAQ,NGM
VFF,393337984,NASDAQ,NCM
VINP,803207168,NASDAQ,NMS
VIR,1069871424,NASDAQ,NMS
VITL,1216299904,NASDAQ,NGM
VLGEA,515486272,NASDAQ,NMS
VNDA,470101888,NASDAQ,NGM
VOR,553698816,NASDAQ,NMS
VOXR,385639168,NASDAQ,NCM
VREX,591064000,NASDAQ,NMS
VSTA,400414272,NASDAQ,NMS
VSTM,483176512,NASDAQ,NCM
VTYX,1004143232,NASDAQ,NMS
WABC,1250891136,NASDAQ,NMS
WASH,586628416,NASDAQ,NMS
WBTN,1733287296,NASDAQ,NMS
WENN,381565696,NASDAQ,NGM
WEN,1535954816,NASDAQ,NMS
WEST,450720000,NASDAQ,NGM
WILC,393474304,NASDAQ,NCM
WINA,1654255488,NASDAQ,NGM
WLFC,1393856512,NASDAQ,NGM
WLTH,1350060544,NASDAQ,NMS
WOOF,797045888,NASDAQ,NMS
WRLD,656435264,NASDAQ,NMS
WSBF,326885408,NASDAQ,NMS
WSHP,820776320,NASDAQ,NCM
WTBA,386758112,NASDAQ,NMS
WYFI,863145280,NASDAQ,NCM
XERS,1231158272,NASDAQ,NMS
XFOR,324390112,NASDAQ,NCM
XNCR,947617024,NASDAQ,NGM
XNET,434157632,NASDAQ,NMS
XOMA,312921024,NASDAQ,NGM
XPEL,1467381120,NASDAQ,NCM
XRPN,404567488,NASDAQ,NGM
YB,898563904,NASDAQ,NGM
YDDL,360823488,NASDAQ,NCM
YDES,860360576,NASDAQ,NGM
YORW,482551360,NASDAQ,NMS
ZBIO,1067678592,NASDAQ,NMS
ZD,1649546752,NASDAQ,NMS
ZEUS,538646080,NASDAQ,NMS
ZLAB,1929861248,NASDAQ,NGM
ZUMZ,416451136,NASDAQ,NMS
ZURA,414848704,NASDAQ,NCM
ZVRA,500485120,NASDAQ,NMS
ZYME,1736609536,NASDAQ,NMS
AAMI,1990067968,NYSE,NYQ
AAT,1396661760,NYSE,NYQ
AAM,469202592,NYSE,NYQ
ABR,1669649152,NYSE,NYQ
ABX,795708288,NYSE,NYQ
ACCO,355614112,NYSE,NYQ
ACEL,951676992,NYSE,NYQ
ACP,698244352,NYSE,NYQ
ACVA,1509837440,NYSE,NYQ
ADCT,443480064,NYSE,NYQ
ADNT,1761120768,NYSE,NYQ
AESI,1931712896,NYSE,NYQ
AEXA,585120192,NYSE,NYQ
AFB,313607232,NYSE,NYQ
AGD,309352416,NYSE,NYQ
AGL,350736032,NYSE,NYQ
AGM,1886517120,NYSE,NYQ
AGRO,1297240832,NYSE,NYQ
AHH,715284544,NYSE,NYQ
AI,1864980992,NYSE,NYQ
AII,359821632,NYSE,NYQ
AIO,783637120,NYSE,NYQ
AIN,1676732416,NYSE,NYQ
AIV,845723392,NYSE,NYQ
ALEX,1509210624,NYSE,NYQ
ALIT,876436736,NYSE,NYQ
ALUB,360812512,NYSE,NYQ
ALX,1231214464,NYSE,NYQ
AMBQ,593193664,NYSE,NYQ
AMC,748897600,NYSE,NYQ
AMN,794396992,NYSE,NYQ
AMPX,1509698048,NYSE,NYQ
AMRC,1769110784,NYSE,NYQ
AMTB,885519936,NYSE,NYQ
ANGX,704869376,NYSE,NYQ
ANRO,522225088,NYSE,NYQ
AOD,1054837184,NYSE,NYQ
AORT,1987615744,NYSE,NYQ
ARCO,1644225152,NYSE,NYQ
ARDC,320371712,NYSE,NYQ
ARDT,1182014336,NYSE,NYQ
ARI,1489477888,NYSE,NYQ
ARLO,1396448256,NYSE,NYQ
ASA,1402214272,NYSE,NYQ
ASC,495493984,NYSE,NYQ
ASGI,706754688,NYSE,NYQ
ASG,330549632,NYSE,NYQ
ASIC,839244032,NYSE,NYQ
ASIX,443525248,NYSE,NYQ
ATEN,1317506816,NYSE,NYQ
AUNA,404850912,NYSE,NYQ
AVBC,340894720,NYSE,NYQ
AVK,565307008,NYSE,NYQ
AVNS,609712384,NYSE,NYQ
AWF,917380288,NYSE,NYQ
AWP,349838880,NYSE,NYQ
AXL,973904128,NYSE,NYQ
BAK,1540141440,NYSE,NYQ
BALY,785365120,NYSE,NYQ
BBBY,453367392,NYSE,NYQ
BBDC,963781632,NYSE,NYQ
BBN,1003516672,NYSE,NYQ
BBW,799514240,NYSE,NYQ
BCAT,1538624896,NYSE,NYQ
BCSF,873130112,NYSE,NYQ
BCSS,517144000,NYSE,NYQ
BCX,988444416,NYSE,NYQ
BDJ,1683363328,NYSE,NYQ
BDN,495910752,NYSE,NYQ
BFK,441179680,NYSE,NYQ
BFLY,1119027328,NYSE,NYQ
BFS,1080231808,NYSE,NYQ
BFZ,331292352,NYSE,NYQ
BGB,527379168,NYSE,NYQ
BGR,395184192,NYSE,NYQ
BGH,301165312,NYSE,NYQ
BGS,357216768,NYSE,NYQ
BGT,342089536,NYSE,NYQ
BGY,559021504,NYSE,NYQ
BH,1244996864,NYSE,NYQ
BHE,1799485440,NYSE,NYQ
BHK,689741376,NYSE,NYQ
BHVN,1662586752,NYSE,NYQ
BIT,579539456,NYSE,NYQ
BKKT,370723872,NYSE,NYQ
BKSY,967121088,NYSE,NYQ
BKT,358545696,NYSE,NYQ
BLE,500656800,NYSE,NYQ
BLND,722096384,NYSE,NYQ
BLW,533361152,NYSE,NYQ
BLX,1743129600,NYSE,NYQ
BMEZ,1564381440,NYSE,NYQ
BME,536351552,NYSE,NYQ
BNED,310397408,NYSE,NYQ
BOE,682889280,NYSE,NYQ
BOC,382788288,NYSE,NYQ
BORR,1374790144,NYSE,NYQ
BOW,878060736,NYSE,NYQ
BRSP,789063232,NYSE,NYQ
BSTZ,1619541504,NYSE,NYQ
BST,1434978432,NYSE,NYQ
BTGO,1582536448,NYSE,NYQ
BTO,729634816,NYSE,NYQ
BTT,1492671872,NYSE,NYQ
BTZ,988772608,NYSE,NYQ
BTX,1454966144,NYSE,NYQ
BUI,621245504,NYSE,NYQ
BV,1249566464,NYSE,NYQ
BW,1193214976,NYSE,NYQ
BWMX,676548928,NYSE,NYQ
BXC,547260096,NYSE,NYQ
BXMX,1533313024,NYSE,NYQ
BY,1457051392,NYSE,NYQ
BZH,694002048,NYSE,NYQ
CABO,428977856,NYSE,NYQ
CAF,320854560,NYSE,NYQ
CAL,432083680,NYSE,NYQ
CANG,457182496,NYSE,NYQ
CAPL,861904064,NYSE,NYQ
CARS,722291840,NYSE,NYQ
CBAN,393788768,NYSE,NYQ
CBL,1082658048,NYSE,NYQ
CCO,1031908288,NYSE,NYQ
CCS,1886595328,NYSE,NYQ
CDRE,1703748352,NYSE,NYQ
CHCT,487430816,NYSE,NYQ
CII,978540032,NYSE,NYQ
CIM,1086564352,NYSE,NYQ
CINT,685430976,NYSE,NYQ
CION,489615936,NYSE,NYQ
CLB,925684416,NYSE,NYQ
CLDT,355966720,NYSE,NYQ
CLVT,1912463232,NYSE,NYQ
CMDB,386879744,NYSE,NYQ
CMP,1078733952,NYSE,NYQ
CMRE,1979826432,NYSE,NYQ
CMTG,417150816,NYSE,NYQ
CNNE,778086528,NYSE,NYQ
CNMD,1233143936,NYSE,NYQ
CODI,520550144,NYSE,NYQ
COUR,1047514880,NYSE,NYQ
CPAC,958959296,NYSE,NYQ
CPF,907682368,NYSE,NYQ
CPS,553361152,NYSE,NYQ
CRI,1258909440,NYSE,NYQ
CSR,1149091712,NYSE,NYQ
CSV,653425536,NYSE,NYQ
CTEV,446853440,NYSE,NYQ
CTO,584513408,NYSE,NYQ
CTOS,1456778112,NYSE,NYQ
CTS,1506993024,NYSE,NYQ
CVEO,314421824,NYSE,NYQ
CVLG,644463872,NYSE,NYQ
CWH,888896704,NYSE,NYQ
CXM,1628868608,NYSE,NYQ
CYD,1776117504,NYSE,NYQ
CXW,1987032704,NYSE,NYQ
CYH,419656736,NYSE,NYQ
DAC,1885258368,NYSE,NYQ
DAO,1359502336,NYSE,NYQ
DAVA,372144096,NYSE,NYQ
DBI,342985376,NYSE,NYQ
DCO,1659011712,NYSE,NYQ
DDD,349868992,NYSE,NYQ
DDL,616240064,NYSE,NYQ
DEA,1195818752,NYSE,NYQ
DEC,1021629248,NYSE,NYQ
DFH,1704843136,NYSE,NYQ
DFIN,1443888256,NYSE,NYQ
DFP,436445664,NYSE,NYQ
DIAX,560050432,NYSE,NYQ
DIN,547042496,NYSE,NYQ
DK,1691485824,NYSE,NYQ
DLX,1098187008,NYSE,NYQ
DLY,714014336,NYSE,NYQ
DNA,587725120,NYSE,NYQ
DOLE,1494053632,NYSE,NYQ
DQ,1828301312,NYSE,NYQ
DPG,493344704,NYSE,NYQ
DSL,1306148352,NYSE,NYQ
DSM,308520928,NYSE,NYQ
DSU,630328512,NYSE,NYQ
DV,1793367040,NYSE,NYQ
DXYZ,456934368,NYSE,NYQ
EAF,418391648,NYSE,NYQ
EAI,1002557504,NYSE,NYQ
EBF,486965280,NYSE,NYQ
EB,438550560,NYSE,NYQ
EBS,649816384,NYSE,NYQ
ECAT,1547817344,NYSE,NYQ
ECC,751635200,NYSE,NYQ
ECCX,454800192,NYSE,NYQ
ECO,1535572608,NYSE,NYQ
ECVT,1246103296,NYSE,NYQ
EDD,378356992,NYSE,NYQ
EDN,1605510656,NYSE,NYQ
EFC,1486373120,NYSE,NYQ
EEX,918673408,NYSE,NYQ
EFR,331550208,NYSE,NYQ
EFT,305116096,NYSE,NYQ
EGY,501482208,NYSE,NYQ
EHAB,526774496,NYSE,NYQ
EIG,1029690048,NYSE,NYQ
EMD,630924544,NYSE,NYQ
EMO,876079040,NYSE,NYQ
ENOV,1249016064,NYSE,NYQ
ENR,1515753472,NYSE,NYQ
EOI,855911488,NYSE,NYQ
EOS,1199534848,NYSE,NYQ
EPC,900900864,NYSE,NYQ
EQBK,965123392,NYSE,NYQ
ESRT,1980883712,NYSE,NYQ
ETB,456776832,NYSE,NYQ
ETG,1799670528,NYSE,NYQ
ETD,618600512,NYSE,NYQ
ETJ,600331904,NYSE,NYQ
ETO,496068960,NYSE,NYQ
ETW,1020221888,NYSE,NYQ
ETV,1702865408,NYSE,NYQ
EVAC,596721024,NYSE,NYQ
EVEX,1455913088,NYSE,NYQ
EVH,399520544,NYSE,NYQ
EVMN,640411968,NYSE,NYQ
EVN,424022144,NYSE,NYQ
EVT,1921705472,NYSE,NYQ
EVTC,1865768704,NYSE,NYQ
EVTL,523883296,NYSE,NYQ
FBRT,856481152,NYSE,NYQ
FCF,1885357184,NYSE,NYQ
FCRS,369074528,NYSE,NYQ
FDP,1897288960,NYSE,NYQ
FET,543920256,NYSE,NYQ
FFA,440537440,NYSE,NYQ
FFC,799271296,NYSE,NYQ
FFWM,509739072,NYSE,NYQ
FIGS,1882687616,NYSE,NYQ
FINS,439765760,NYSE,NYQ
FIHL,1957770240,NYSE,NYQ
FINV,1356391040,NYSE,NYQ
FLNG,1417099520,NYSE,NYQ
FLOC,1931084800,NYSE,NYQ
FOR,1301310464,NYSE,NYQ
FOF,395398816,NYSE,NYQ
FPF,1147590016,NYSE,NYQ
FPH,820981248,NYSE,NYQ
FPI,497191136,NYSE,NYQ
FRA,422736704,NYSE,NYQ
FRGE,617953984,NYSE,NYQ
FSCO,1200053120,NYSE,NYQ
FTHY,521441024,NYSE,NYQ
FTK,523306720,NYSE,NYQ
FTW,470961952,NYSE,NYQ
FUN,1800155008,NYSE,NYQ
FVR,351872096,NYSE,NYQ
FVRR,620291776,NYSE,NYQ
FUBO,798890432,NYSE,NYQ
GAB,1890865024,NYSE,NYQ
GAM,1440851968,NYSE,NYQ
GBAB,405142112,NYSE,NYQ
GBX,1551122560,NYSE,NYQ
GCO,342754752,NYSE,NYQ
GDOT,687136384,NYSE,NYQ
GETY,540618240,NYSE,NYQ
GFR,698501120,NYSE,NYQ
GHM,749159808,NYSE,NYQ
GIC,1164827776,NYSE,NYQ
GHY,527481440,NYSE,NYQ
GLP,1554022528,NYSE,NYQ
GMRE,958742912,NYSE,NYQ
GNE,380601952,NYSE,NYQ
GNK,886484864,NYSE,NYQ
GOOS,1215194752,NYSE,NYQ
GOTU,557760704,NYSE,NYQ
GOLD,1342010240,NYSE,NYQ
GPRK,435785760,NYSE,NYQ
GRC,1392475520,NYSE,NYQ
GRDN,1900172928,NYSE,NYQ
GRNT,632723072,NYSE,NYQ
GSBD,1075493120,NYSE,NYQ
GSL,1337822464,NYSE,NYQ
GTY,1697654016,NYSE,NYQ
GUG,515478720,NYSE,NYQ
GTN,490882176,NYSE,NYQ
GUT,542856128,NYSE,NYQ
HCI,1972796288,NYSE,NYQ
HCXY,1335309568,NYSE,NYQ
HFRO,344281920,NYSE,NYQ
HIO,355195552,NYSE,NYQ
HIPO,782603712,NYSE,NYQ
HIX,379643840,NYSE,NYQ
HKD,440022528,NYSE,NYQ
HLF,1711858560,NYSE,NYQ
HLLY,488023648,NYSE,NYQ
HLX,1144289536,NYSE,NYQ
HMN,1734045056,NYSE,NYQ
HOV,665628352,NYSE,NYQ
HPF,348739296,NYSE,NYQ
HPI,434966400,NYSE,NYQ
HPS,469781088,NYSE,NYQ
HQH,1071071680,NYSE,NYQ
HQL,511465408,NYSE,NYQ
HRTG,792809088,NYSE,NYQ
HSHP,483746880,NYSE,NYQ
HTB,732823744,NYSE,NYQ
HTD,856210048,NYSE,NYQ
HTT,577681728,NYSE,NYQ
HUN,1970349184,NYSE,NYQ
HUYA,1012027392,NYSE,NYQ
HVT,419684128,NYSE,NYQ
HY,562338560,NYSE,NYQ
HYAC,331433664,NYSE,NYQ
HYT,1457648896,NYSE,NYQ
HZO,604692160,NYSE,NYQ
IBTA,589075008,NYSE,NYQ
IDT,1224456960,NYSE,NYQ
IFN,557561920,NYSE,NYQ
IGD,453099584,NYSE,NYQ
IGR,708631296,NYSE,NYQ
IIIN,626697088,NYSE,NYQ
IIM,579177152,NYSE,NYQ
IIPR,1374807296,NYSE,NYQ
IMAX,1860098304,NYSE,NYQ
INN,503784672,NYSE,NYQ
INVX,1802117120,NYSE,NYQ
IPI,464571840,NYSE,NYQ
IRS,1558659200,NYSE,NYQ
IQI,525664896,NYSE,NYQ
ISD,488616800,NYSE,NYQ
IVR,637800640,NYSE,NYQ
JACS,309807296,NYSE,NYQ
JBI,956963904,NYSE,NYQ
JBGS,1082993024,NYSE,NYQ
JFR,1273847936,NYSE,NYQ
JGH,302048832,NYSE,NYQ
JKS,1417342976,NYSE,NYQ
JMIA,1558963968,NYSE,NYQ
JOF,330656544,NYSE,NYQ
JQC,755343232,NYSE,NYQ
JRI,354176896,NYSE,NYQ
KBDC,1014904000,NYSE,NYQ
KFRC,634411904,NYSE,NYQ
KFS,385272032,NYSE,NYQ
KIO,472952416,NYSE,NYQ
KLC,527404928,NYSE,NYQ
KNOP,387110432,NYSE,NYQ
KODK,729748032,NYSE,NYQ
KOP,574116160,NYSE,NYQ
KOS,710315520,NYSE,NYQ
KREF,564315584,NYSE,NYQ
KRP,1432213632,NYSE,NYQ
KRO,632792192,NYSE,NYQ
KRSP,478427008,NYSE,NYQ
KSS,1959103744,NYSE,NYQ
KTF,354087200,NYSE,NYQ
KW,1356979328,NYSE,NYQ
LAC,1861900672,NYSE,NYQ
LADR,1437759744,NYSE,NYQ
LAW,411819616,NYSE,NYQ
LAR,1316755712,NYSE,NYQ
LDI,846898944,NYSE,NYQ
LDP,617933440,NYSE,NYQ
LEG,1615077760,NYSE,NYQ
LEO,407248896,NYSE,NYQ
LND,415396448,NYSE,NYQ
LNN,1319972608,NYSE,NYQ
LOB,1775930112,NYSE,NYQ
LOMA,1634733312,NYSE,NYQ
LPG,1248302592,NYSE,NYQ
LSPD,1578089856,NYSE,NYQ
LTC,1711016064,NYSE,NYQ
LUCK,1215877376,NYSE,NYQ
LUXE,1152366080,NYSE,NYQ
LVWR,516091488,NYSE,NYQ
LXFR,405378656,NYSE,NYQ
LXU,691386560,NYSE,NYQ
LZM,487624672,NYSE,NYQ
LZB,1539329024,NYSE,NYQ
MAGN,494840000,NYSE,NYQ
MAN,1407434240,NYSE,NYQ
MATV,684334144,NYSE,NYQ
MAX,694534784,NYSE,NYQ
MBC,1530226944,NYSE,NYQ
MBI,322654240,NYSE,NYQ
MCB,916470784,NYSE,NYQ
MCI,429194880,NYSE,NYQ
MCS,474675904,NYSE,NYQ
MD,1790015616,NYSE,NYQ
MEC,373858016,NYSE,NYQ
MEGI,732569088,NYSE,NYQ
MEG,813826496,NYSE,NYQ
MFA,1031820480,NYSE,NYQ
MG,439472064,NYSE,NYQ
MHD,615271104,NYSE,NYQ
MHN,309069536,NYSE,NYQ
MHLA,1122255232,NYSE,NYQ
MIY,353369952,NYSE,NYQ
MLP,336614368,NYSE,NYQ
MLR,464626880,NYSE,NYQ
MMI,1023670592,NYSE,NYQ
MMU,571040064,NYSE,NYQ
MNR,1945283584,NYSE,NYQ
MNTN,732598912,NYSE,NYQ
MOV,500760544,NYSE,NYQ
MPX,339490592,NYSE,NYQ
MQY,832551616,NYSE,NYQ
MSC,623812352,NYSE,NYQ
MSB,450409952,NYSE,NYQ
MSDL,1436251136,NYSE,NYQ
MSIF,640209600,NYSE,NYQ
MTW,466442912,NYSE,NYQ
MTUS,816870848,NYSE,NYQ
MUA,424030656,NYSE,NYQ
MUC,1027546560,NYSE,NYQ
MUJ,647262592,NYSE,NYQ
MUX,1718223232,NYSE,NYQ
MVF,397336384,NYSE,NYQ
MYE,777374144,NYSE,NYQ
MXF,315946496,NYSE,NYQ
MYD,481573856,NYSE,NYQ
MYI,735792448,NYSE,NYQ
NABL,1235769728,NYSE,NYQ
MYN,381599552,NYSE,NYQ
NAC,1741491968,NYSE,NYQ
NAN,351412448,NYSE,NYQ
NAT,884059008,NYSE,NYQ
NBB,464731040,NYSE,NYQ
NBHC,1510169984,NYSE,NYQ
NBXG,1140072704,NYSE,NYQ
NBR,990890304,NYSE,NYQ
NC,362255424,NYSE,NYQ
NCA,312872448,NYSE,NYQ
NCDL,672157952,NYSE,NYQ
NCV,364883296,NYSE,NYQ
NDMO,615389696,NYSE,NYQ
NEXA,1903142784,NYSE,NYQ
NFJ,1277925248,NYSE,NYQ
NGL,1435751040,NYSE,NYQ
NGS,444248384,NYSE,NYQ
NGVC,616250432,NYSE,NYQ
NIE,709349568,NYSE,NYQ
NKX,669475648,NYSE,NYQ
WGO,1330743552,NYSE,NYQ
WIW,525265824,NYSE,NYQ
WKC,1467029376,NYSE,NYQ
WLKP,748996096,NYSE,NYQ
WLYB,1689752320,NYSE,NYQ
WLY,1628521856,NYSE,NYQ
WMK,1734596224,NYSE,NYQ
WNC,413680736,NYSE,NYQ
WOLF,470595200,NYSE,NYQ
